Compound ID,SMILES,measured log(solubility:mol/L)
"1,1,1,2-Tetrachloroethane",ClCC(Cl)(Cl)Cl,-2.18
"1,1,1-Trichloroethane",CC(Cl)(Cl)Cl,-2.0
"1,1,2,2-Tetrachloroethane",ClC(Cl)C(Cl)Cl,-1.74
"1,1,2-Trichloroethane",ClCC(Cl)Cl,-1.48
"1,1,2-Trichlorotrifluoroethane",FC(F)(Cl)C(F)(Cl)Cl,-3.04
"1,1-Dichloroethane",CC(Cl)Cl,-1.29
"1,1-Dichloroethylene",ClC(=C)Cl,-1.64
"1,1-Diethoxyethane ",CCOC(C)OCC,-0.43
"1,2,3,4-Tetrachlorobenzene",Clc1ccc(Cl)c(Cl)c1Cl,-4.57
"1,2,3,4-Tetrahydronapthalene",C1CCc2ccccc2C1,-4.37
"1,2,3,5-Tetrachlorobenzene",Clc1cc(Cl)c(Cl)c(Cl)c1,-4.63
"1,2,3-Trichlorobenzene",Clc1cccc(Cl)c1Cl,-4.0
"1,2,3-Trimethylbenzene ",Cc1cccc(C)c1C,-3.2
"1,2,4,5-Tetrabromobenzene",Brc1cc(Br)c(Br)cc1Br,-6.98
"1,2,4,5-Tetrachlorobenzene",Clc1cc(Cl)c(Cl)cc1Cl,-5.56
"1,2,4,5-Tetramethylbenzene",Cc1cc(C)c(C)cc1C,-4.59
"1,2,4-tribromobenzene",c1(Br)c(Br)cc(Br)cc1,-4.5
"1,2,4-Trichlorobenzene",Clc1ccc(Cl)c(Cl)c1,-3.59
"1,2,4-Trimethylbenzene",Cc1ccc(C)c(C)c1,-3.31
"1,2-Benzenediol",Oc1ccccc1O,0.62
"1,2-Dibromobenzene",Brc1ccccc1Br,-3.5
"1,2-Dibromoethane",BrCCBr,-1.68
"1,2-Dichlorobenzene",Clc1ccccc1Cl,-3.05
"1,2-Dichloroethane",ClCCCl,-1.06
"1,2-Dichloropropane",CC(Cl)CCl,-1.6
"1,2-Dichlorotetrafluoroethane",FC(F)(Cl)C(F)(F)Cl,-2.74
"1,2-Diethoxyethane ",CCOCCOCC,-0.77
"1,2-Diethylbenzene",CCc1ccccc1CC,-3.28
"1,2-Dinitrobenzene",O=N(=O)c1ccccc1N(=O)=O,-3.1
"1,2-Propylene oxide",CC1CO1,-0.59
"1,3,5-Tribromobenzene",Brc1cc(Br)cc(Br)c1,-5.6
"1,3,5-Trichlorobenzene",Clc1cc(Cl)cc(Cl)c1,-4.48
"1,3,5-Trimethylbenzene ",Cc1cc(C)cc(C)c1,-3.4
"1,3,5-Trinitrobenzene",O=N(=O)c1cc(cc(c1)N(=O)=O)N(=O)=O,-2.89
"1,3-Benzenediol",Oc1cccc(O)c1,0.81
"1,3-Butadiene",C=CC=C,-1.87
"1,3-Dibromobenzene",Brc1cccc(Br)c1,-3.54
"1,3-Dichlorobenzene",Clc1cccc(Cl)c1,-3.04
"1,3-Dichloropropane",ClCCCCl,-1.62
"1,3-diethylthiourea",CCNC(=S)NCC,-1.46
"1,3-Difluorobenzene",Fc1cccc(F)c1,-2.0
"1,3-Dimethylnaphthalene",Cc1cc(C)c2ccccc2c1,-4.29
"1,3-Dinitrobenzene",O=N(=O)c1cccc(c1)N(=O)=O,-2.29
"1,4-Benzenediol",Oc1ccc(O)cc1,-0.17
"1,4-Cyclohexadiene",C1C=CCC=C1,-2.06
"1,4-Dibromobenzene",Brc1ccc(Br)cc1,-4.07
"1,4-Dichlorobenzene",Clc1ccc(Cl)cc1,-3.27
"1,4-Diethylbenzene ",CCc1ccc(CC)cc1,-3.75
"1,4-Difluorobenzene",Fc1ccc(F)cc1,-1.97
"1,4-Dimethylnaphthalene ",Cc1ccc(C)c2ccccc12,-4.14
"1,4-Dinitrobenzene",O=N(=O)c1ccc(cc1)N(=O)=O,-3.39
"1,4-Pentadiene ",C=CCC=C,-2.09
"1,5-Dimethlnapthalene",Cc1cccc2c(C)cccc12,-4.679
"1,5-Hexadiene ",C=CCCC=C,-2.68
"1,7-phenantroline",c1cnc2c(c1)ccc3ncccc23,-2.68
"1,8-Cineole",CC12CCC(CC1)C(C)(C)O2,-1.74
17a-Methyltestosterone,CC1(O)CCC2C3CCC4=CC(=O)CCC4(C)C3CCC21C,-3.999
1-aminoacridine,Nc2cccc3nc1ccccc1cc23 ,-4.22
1-Bromo-2-methylpropane,CC(C)CBr,-2.43
1-Bromobutane,CCCCBr,-2.37
1-Bromoheptane,CCCCCCCBr,-4.43
1-Bromohexane,CCCCCCBr,-3.81
1-Bromonapthalene,Brc1cccc2ccccc12,-4.35
1-Bromooctane,CCCCCCCCBr,-5.06
1-Bromopentane,CCCCCBr,-3.08
1-Bromopropane,CCCBr,-1.73
1-Butanol,CCCCO,0.0
1-Butene,CCC=C,-1.94
1-Butyne,CCC#C,-1.24
1-Chloro-2-bromoethane,ClCCBr,-1.32
1-Chloro-2-methylpropane,ClCC(C)C,-2.0
1-Chlorobutane,CCCCCl,-2.03
1-Chloroheptane,CCCCCCCCl,-4.0
1-Chlorohexane,CCCCCCCl,-3.12
1-Chloronapthalene,Clc1cccc2ccccc12,-3.93
1-Chloropentane,CCCCCCl,-2.73
1-Chloropropane,CCCCl,-1.47
1-Decanol,CCCCCCCCCCO,-3.63
1-Decene,CCCCCCCCC=C,-5.51
1-Dodecanol,CCCCCCCCCCCCO,-4.8
1-Ethylnaphthalene ,CCc1cccc2ccccc12,-4.17
1-Heptanol,CCCCCCCO,-1.81
1-Heptene,CCCCCC=C,-3.73
1-Heptyne,CCCCCC#C,-3.01
1-Hexadecanol,CCCCCCCCCCCCCCCCO,-7.0
1-Hexanol,CCCCCCO,-1.24
1-Hexene,CCCCC=C,-3.23
1-Hexene-3-ol,CCCC(O)C=C,-0.59
1-Hexyne ,CCCCC#C,-2.36
1-Iodobutane,CCCCI,-2.96
1-Iodoheptane,CCCCCCCI,-4.81
1-Iodonapthalene,Ic1cccc2ccccc12,-4.55
1-Iodopropane,CCCI,-2.29
1-Methylcyclohexene ,CC1=CCCCC1,-3.27
1-Methylfluorene,Cc1cccc2c1Cc3ccccc32,-5.22
1-Methylnaphthalene,Cc1cccc2ccccc12,-3.7
1-Methylphenanthrene,Cc1cccc2c1ccc3ccccc32,-5.85
1-methyluracil,Cn1ccc(=O)[nH]c1=O,-0.807
1-Napthol,Oc1cccc2ccccc12,-2.22
1-Napthylamine,Nc1cccc2ccccc12,-1.92
1-Nitronapthalene,O=N(=O)c1cccc2ccccc12,-3.54
1-Nitropropane,CCCN(=O)=O,-0.8
1-Nonanol,CCCCCCCCCO,-3.01
1-Nonene ,CCCCCCCC=C,-5.05
1-Nonyne ,CCCCCCCC#C,-4.24
1-Octadecanol,CCCCCCCCCCCCCCCCCCO,-8.4
1-Octanol,CCCCCCCCO,-2.39
1-Octene ,CCCCCCC=C,-4.44
1-Octyne ,CCCCCCC#C,-3.66
1-Pentadecanol,CCCCCCCCCCCCCCCO,-6.35
1-Pentanol,CCCCCO,-0.6
1-Pentene ,CCCC=C,-2.68
1-Pentyne,CCCC#C,-1.64
1-Phenylethanol,CC(O)c1ccccc1,-0.92
1-Propanol,CCCO,0.62
1-Tetradecanol,CCCCCCCCCCCCCCO,-5.84
"2,2',3,3',4,4',5,5',6,6'-PCB",Clc1c(Cl)c(Cl)c(c(Cl)c1Cl)c2c(Cl)c(Cl)c(Cl)c(Cl)c2Cl ,-11.6
"2,2',3,3',4,4',5,5'-PCB",Clc1cc(c(Cl)c(Cl)c1Cl)c2cc(Cl)c(Cl)c(Cl)c2Cl,-9.16
"2,2',3,3',4,4'-PCB",Clc1ccc(c(Cl)c1Cl)c2ccc(Cl)c(Cl)c2Cl ,-8.01
"2,2',3,3',5,5',6,6'-PCB",Clc1cc(Cl)c(Cl)c(c1Cl)c2c(Cl)c(Cl)cc(Cl)c2Cl ,-9.15
"2,2',3,3',5,6-PCB",Clc1cccc(c1Cl)c2c(Cl)c(Cl)cc(Cl)c2Cl ,-8.6
"2,2',3,3'-PCB",Clc1cccc(c1Cl)c2cccc(Cl)c2Cl,-7.28
"2,2',3,4,4',5',6-PCB",Clc1ccc(c(Cl)c1)c2c(Cl)c(Cl)c(Cl)c(Cl)c2Cl,-7.92
"2,2',3,4,5,5',6-PCB",Clc1ccc(Cl)c(c1)c2c(Cl)c(Cl)c(Cl)c(Cl)c2Cl,-8.94
"2,2',3,4,5,5'-PCB",Clc1ccc(Cl)c(c1)c2cc(Cl)c(Cl)c(Cl)c2Cl,-7.68
"2,2',3,4,5-PCB",Clc1cc(Cl)c(cc1Cl)c2cccc(Cl)c2Cl ,-7.21
"2,2',3,4,6-PCB",Clc1ccc(c(Cl)c1)c2c(Cl)ccc(Cl)c2Cl ,-7.43
"2,2',3,5,5',6-PCB",Clc1ccc(Cl)c(c1)c2c(Cl)c(Cl)cc(Cl)c2Cl ,-7.42
"2,2',3,5'-PCB",Clc1ccc(Cl)c(c1)c2cccc(Cl)c2Cl ,-6.47
"2,2,3-Trimethylbutane",CC(C)C(C)(C)C,-4.36
"2,2',4,4',5,5'-PCB",Clc1cc(Cl)c(cc1Cl)c2cc(Cl)c(Cl)cc2Cl ,-8.56
"2,2',4,4',6,6'-PCB",Clc1cc(Cl)c(c(Cl)c1)c2c(Cl)cc(Cl)cc2Cl ,-8.71
"2,2',4,5'-PCB",Clc1ccc(c(Cl)c1)c2cc(Cl)ccc2Cl ,-6.57
"2,2,4,6,6'-PCB",Clc1cc(Cl)c(c(Cl)c1)c2c(Cl)cccc2Cl,-7.32
"2,2,4-Trimethylpentane",CC(C)CC(C)(C)C,-4.74
"2,2,5-Trimethylhexane",CC(C)CCC(C)(C)C,-5.05
"2,2',6,6'-PCB",Clc1cccc(Cl)c1c2c(Cl)cccc2Cl ,-7.39
"2,2-Dimethyl-1-butanol",CCC(C)(C)CO,-1.04
"2,2-Dimethylbutane",CCC(C)(C)C,-3.55
"2,2-Dimethylpentane",CCCC(C)(C)C,-4.36
"2,2-Dimethylpentanol",CCCC(C)(C)CO,-1.52
"2,2-Dimethylpropanol",CC(C)(C)CO,-0.4
"2,2'-PCB",Clc1ccccc1c2ccccc2Cl ,-5.27
"2,3,3',4,4',5-PCB",Clc1ccc(cc1Cl)c2cc(Cl)c(Cl)c(Cl)c2Cl ,-7.82
"2,3,3',4,4'6-PCB",Clc1ccc(c(Cl)c1Cl)c2c(Cl)cc(Cl)c(Cl)c2Cl ,-7.66
"2,3',4,4',5-PCB",Clc1ccc(c(Cl)c1)c2cc(Cl)c(Cl)c(Cl)c2Cl ,-7.39
"2,3',4,4'-PCB",Clc1ccc(c(Cl)c1)c2ccc(Cl)c(Cl)c2Cl ,-7.8
"2,3,4,5,6-PCB",Clc2c(Cl)c(Cl)c(c1ccccc1)c(Cl)c2Cl ,-7.92
"2,3',4',5-PCB",Clc1ccc(Cl)c(c1)c2ccc(Cl)c(Cl)c2,-7.25
"2,3,4,5-Tetrachlorophenol",Oc1cc(Cl)c(Cl)c(Cl)c1Cl,-3.15
"2,3,4,6-Tetrachlorophenol",Oc1c(Cl)cc(Cl)c(Cl)c1Cl,-3.1
"2',3,4-PCB",Clc1ccc(cc1)c2cccc(Cl)c2Cl ,-6.29
"2,3,4'-PCB",Clc1ccc(cc1)c2cccc(Cl)c2Cl ,-6.26
"2,3,4-Trichlorophenol",Oc1ccc(Cl)c(Cl)c1Cl,-2.67
"2,3,4-Trimethylpentane",CC(C)C(C)C(C)C,-4.8
"2,3,5,6-Tetrachlorophenol",Oc1c(Cl)c(Cl)cc(Cl)c1Cl,-3.37
"2,3',5-PCB",Clc1cccc(c1)c2cc(Cl)ccc2Cl ,-6.01
"2,3,5-Trichlorophenol",Oc1cc(Cl)cc(Cl)c1Cl,-2.67
"2,3,6-Trichlorophenol",Oc1c(Cl)ccc(Cl)c1Cl,-2.64
"2,3-Dichloronitrobenzene",O=N(=O)c1c(Cl)c(Cl)ccc1,-3.48
"2,3-Dichlorophenol",Oc1cccc(Cl)c1Cl,-1.3
"2,3-Dimethyl-1,3-Butadiene",CC(=C)C(=C)C,-2.4
"2,3-Dimethylbutane",CC(C)C(C)C,-3.65
"2,3-Dimethylnaphthalene",Cc1cc2ccccc2cc1C,-4.72
"2,3-Dimethylpentane",CCC(C)C(C)C,-4.28
"2,3-Dimethylpyridine",Cc1cccnc1C,0.38
"2,4,5-PCB",Clc1ccc(cc1)c2cc(Cl)ccc2Cl ,-6.27
"2,4',5-PCB",Clc1ccc(cc1)c2cc(Cl)ccc2Cl ,-6.25
"2,4,5-Trichlorophenol ",Oc1cc(Cl)c(Cl)cc1Cl,-2.21
"2,4,6-PCB",Clc1ccc(cc1)c2c(Cl)cccc2Cl ,-6.14
"2,4,6-Trichlorophenol",Oc1c(Cl)cc(Cl)cc1Cl,-2.34
"2,4,6-Trimethylphenol",Cc1cc(C)c(O)c(C)c1,-2.05
"2,4,6-Trinitrotoluene",Cc1c(cc(cc1N(=O)=O)N(=O)=O)N(=O)=O,-3.22
"2,4-Dichlorophenol ",Oc1ccc(Cl)cc1Cl,-1.55
"2,4-Dimethyl-2-pentanol ",CC(C)CC(C)(C)O,-0.92
"2,4-Dimethyl-3-pentanol",CC(C)C(O)C(C)C,-1.22
"2,4-Dimethyl-3-pentanone",CC(C)C(=O)C(C)C,-1.3
"2,4-Dimethylpentane",CC(C)CC(C)C,-4.26
"2,4-Dimethylphenol",Cc1ccc(O)c(C)c1,-1.19
"2,4-Dimethylpyridine",Cc1ccnc(C)c1,0.38
"2,4-Dinitrotoluene",Cc1ccc(cc1N(=O)=O)N(=O)=O,-2.82
"2,4'-PCB",Clc1ccc(cc1)c2ccccc2Cl ,-5.28
"2,4-PCB",Clc1ccc(cc1)c2ccccc2Cl ,-5.25
"2,6-Dichlorophenol",Oc1c(Cl)cccc1Cl,-1.79
"2,6-Dimethylnaphthalene ",Cc1ccc2cc(C)ccc2c1,-4.89
"2,6-Dimethylphenol",Cc1cccc(C)c1O,-1.29
"2,6-Dimethylpyridine",Cc1cccc(C)n1,0.45
"2,6-Dinitrotoluene",Cc1c(cccc1N(=O)=O)N(=O)=O,-3.0
"2,6-PCB",Clc1cccc(Cl)c1c2ccccc2 ,-5.21
"2,7-dimethylquinoline",c2c(C)cc1nc(C)ccc1c2 ,-1.94
2-aminoanthracene,Nc3ccc2cc1ccccc1cc2c3 ,-5.17
2-bromonaphthalene,c1c(Br)ccc2ccccc12 ,-4.4
2-Bromonapthalene,Brc1ccc2ccccc2c1,-4.4
2-Bromopropane,CC(C)Br,-1.59
2-Bromotoluene,Cc1ccccc1Br,-2.23
2-Butanone,CCC(=O)C,0.52
2-butenal,CC=CC=O,0.32
2-Butoxyethanol,CCCCOCCO,-0.42
2-Chloro-2-methylbutane,CCC(C)(C)Cl,-2.51
2-Chloroanisole,COc1ccccc1Cl,-2.46
2-Chlorobiphenyl,Clc1ccccc1c2ccccc2,-4.54
2-Chlorobutane,CCC(C)Cl,-1.96
2-Chloronapthalene,Clc1ccc2ccccc2c1,-4.14
2-Chlorophenol,Oc1ccccc1Cl,-1.06
2-Chloropropane,CC(C)Cl,-1.41
2-Chlorotoluene,Cc1ccccc1Cl,-3.52
2-cyanoguanidine,NC(N)=NC#N ,-0.31
2-Decanone,CCCCCCCCC(=O)C,-3.3
2-Ethyl pyridine,CCc1ccccn1,0.51
2-Ethyl-1-butanol,CCC(CC)CO,-1.17
2-Ethyl-1-hexanol,CCCCC(CC)CO,-2.11
2-Ethyl-2-hexanal,CCCC=C(CC)C=O,-2.46
2-Ethylbutanal,CCC(CC)C=O,-1.52
2-Ethylhexanal,CCCCC(CC)C=O,-2.13
2-Ethylnaphthalene,CCc1ccc2ccccc2c1,-4.29
2-Ethyltoluene,CCc1ccccc1C,-3.21
2-Heptanol ,CCCCCC(C)O,-1.55
2-Heptanone,CCCCCC(=O)C,-1.45
2-Hexanol,CCCCC(C)O,-0.89
2-Hexanone,CCCCC(=O)C,-0.8
2-hydroxypteridine,Oc2ncc1nccnc1n2,-1.947
2-Hydroxypyridine,Oc1ccccn1,1.02
2-Iodopropane,CC(C)I,-2.09
2-Isopropyltoluene,CC(C)c1ccccc1C,-3.76
2-methoxypteridine,COc2ncc1nccnc1n2,-1.11
2-Methy-2-Butene,CC=C(C)C,-2.56
"2-Methyl-1,3-Butadiene ",CC(=C)C=C,-2.03
2-Methyl-1-Butene,CCC(=C)C,-2.73
2-Methyl-1-Pentene,CCCC(=C)C,-3.03
2-Methyl-2-heptanol,CCCCCC(C)(C)O,-1.72
2-Methyl-2-hexanol,CCCCC(C)(C)O,-1.08
2-Methyl-2-pentanol,CCCC(C)(C)O,-0.49
2-Methyl-3-pentanol,CCC(O)C(C)C,-0.7
2-Methylanthracene,Cc1ccc2cc3ccccc3cc2c1,-6.96
2-Methylbutan-2-ol,CCC(C)(C)O,0.15
2-Methylbutane,CCC(C)C,-3.18
2-Methylbutanol,CCC(C)CO,-0.47
2-Methylheptane,CCCCCC(C)C,-5.08
2-Methylnapthalene,Cc1ccc2ccccc2c1,-3.77
2-Methylpentane,CCCC(C)C,-3.74
2-Methylpentanol,CCCC(C)CO,-1.11
2-Methylphenanthrene,Cc1ccc2c(ccc3ccccc32)c1,-5.84
2-Methylphenol,Cc1ccccc1O,-0.62
2-Methylpropan-1-ol,CC(C)CO,0.1
2-Methylpropane,CC(C)C,-2.55
2-Methylpropene,CC(=C)C,-2.33
2-methylpteridine,Cc2ncc1nccnc1n2,-0.12
2-Methyltetrahydrofurane,CC1CCCO1,0.11
2-Napthol,Oc1ccc2ccccc2c1,-2.28
2-Nitropropane,CC(C)N(=O)=O,-0.62
2-Nonanol,CCCCCCCC(C)O,-2.74
2-Nonanone,CCCCCCCC(=O)C,-2.58
2-Octanol,CCCCCCC(C)O,-2.09
2-Octanone,CCCCCCC(=O)C,-2.05
2-Pentanol,CCCC(C)O,-0.29
2-Pentanone,CCCC(=O)C,-0.19
2-Phenoxyethanol,OCCOc1ccccc1,-0.7
2-Propanol,CC(C)O,0.43
2-pyrrolidone,O=C1CCCN1,1.07
2-Undecanol,CCCCCCCCCC(C)O,-2.94
"3,3-Dimethyl-1-butanol",CC(C)(C)CCO,-0.5
"3,3-Dimethyl-2-butanol",CC(O)C(C)(C)C,-0.62
"3,3-Dimethyl-2-butanone",CC(=O)C(C)(C)C,-0.72
"3,3-Dimethylpentane",CCC(C)(C)CC,-4.23
"3,4-Dichloronitrobenzene",O=N(=O)c1cc(Cl)c(Cl)cc1,-3.2
"3,4-Dichlorophenol",Oc1ccc(Cl)c(Cl)c1,-1.25
"3,4-Dimethylphenol",Cc1ccc(O)cc1C,-1.38
"3,4-Dimethylpyridine",Cc1ccncc1C,0.36
"3,4-PCB",Clc1ccc(cc1Cl)c2ccccc2 ,-6.39
"3,5-Dichlorophenol",Oc1cc(Cl)cc(Cl)c1,-1.34
"3,5-Dimethylphenol",Cc1cc(C)cc(O)c1,-1.4
"3,5-Dimethylpyridine",Cc1cncc(C)c1,0.38
3-Butanoyloxymethylphenytoin,O=C1N(COC(=O)CCC)C(=O)C(N1)(c2ccccc2)c3ccccc3,-5.071
3-Chloroanisole,COc1cccc(Cl)c1,-2.78
3-Chlorobiphenyl,c1c(Cl)cccc1c2ccccc2,-4.88
3-Chlorophenol,Oc1cccc(Cl)c1,-0.7
3-chloropropionitrile,ClCCC#N ,-0.29
3-Ethanoyloxymethylphenytoin,O=C1N(COC(=O)C)C(=O)C(N1)(c2ccccc2)c3ccccc3,-4.47
3-Ethyl-3-pentanol,CCC(O)(CC)CC,-0.85
3-Heptanol ,CCCCC(O)CC,-1.47
3-Heptanoyloxymethylphenytoin,O=C1N(COC(=O)CCCCCC)C(=O)C(N1)(c2ccccc2)c3ccccc3,-6.301
3-Hexanol,CCCC(O)CC,-0.8
3-Hexanone,CCCC(=O)CC,-0.83
3-Hexanoyloxymethylphenyltoin,O=C1N(COC(=O)CCCCC)C(=O)C(N1)(c2ccccc2)c3ccccc3,-5.886
3-Hexyne,CCC#CCC,-1.99
3-Methyl-1-Butene,CC(C)C=C,-2.73
3-Methyl-2-butanol,CC(C)C(C)O,-0.18
3-Methyl-2-butanone,CC(C)C(=O)C,-0.12
3-Methyl-2-pentanol,CCC(C)CCO,-0.72
3-Methyl-2-pentanol,CCC(C)CCO,-0.71
3-Methyl-2-pentanone,CCC(C)C(=O)C,-0.67
3-Methyl-3-heptanol,CCCCC(C)(O)CC,-1.6
3-Methyl-3-hexanol,CCCC(C)(O)CC,-0.98
3-Methyl-3-pentanol,CCC(C)(O)CC,-0.36
3-Methylbutan-1-ol,CC(C)CCO,-0.51
3-Methylcholanthrene,c1cc(C)cc2c1c3cc4cccc5CCc(c45)c3cc2,-7.92
3-Methylheptane,CCCCC(C)CC,-5.16
3-methylindole,Cc1c[nH]c2ccccc12 ,-2.42
3-Methylpentane,CCC(C)CC,-3.68
3-Methylphenol,Cc1cccc(O)c1,-0.68
3-Octanol,CCCCCC(O)CC,-1.98
3-Octanoyloxymethylphenytoin,O=C1N(COC(=O)CCCCCCC)C(=O)C(N1)(c2ccccc2)c3ccccc3,-6.523
3-Pentanol,CCC(O)CC,-0.24
3-Pentanone,CCC(=O)CC,-0.28
3-Pentanoyloxymethylphenytoin,O=C1N(COC(=O)CCCC)C(=O)C(N1)(c2ccccc2)c3ccccc3,-4.678
3-Propanoyloxymethylphenytoin,O=C1N(COC(=O)CC)C(=O)C(N1)(c2ccccc2)c3ccccc3,-4.907
"4,4'-PCB",Clc1ccc(cc1)c2ccc(Cl)cc2 ,-6.56
4-Bromophenol,Oc1ccc(Br)cc1,-1.09
4-Bromotoluene,Cc1ccc(Br)cc1,-3.19
4-Chloroanisole,COc1ccc(Cl)cc1,-2.78
4-Chlorophenol ,Oc1ccc(Cl)cc1,-0.7
4-Chlorotoluene,Cc1ccc(Cl)cc1,-3.08
4-Ethyltoluene,CCc1ccc(C)cc1,-3.11
4-Heptanol,CCCC(O)CCC,-1.4
4-Heptanone,CCCC(=O)CCC,-1.3
4-hexylresorcinol,c1(O)cc(O)ccc1CCCCCC,-2.59
4-hydroxypyridine,Oc1ccncc1,1.02
4-Isopropyltoluene,CC(C)c1ccc(C)cc1,-3.77
4-methoxypteridine,COc1ncnc2nccnc12 ,-1.11
4-Methyl-2-pentanol,CC(C)CC(C)O,-0.8
4-Methyl-2-pentanone,CC(C)CC(=O)C,-0.74
4-Methylbiphenyl,Cc1ccc(cc1)c2ccccc2,-4.62
4-Methylpentanol,CC(C)CCCO,-1.14
4-methylpteridine,Cc1ncnc2nccnc12,-0.466
4-Nitroacetanilide,CC(=O)Nc1ccc(cc1)N(=O)=O,-2.692
4-Pentene-1-ol,OCCCC=C,-0.15
5-(3-Methyl-2-butenyl)-5-ethylbarbital,O=C1NC(=O)NC(=O)C1(CC)CC=C(C)C,-2.253
5-(3-Methyl-2-butenyl)-5-isoPrbarbital,O=C1NC(=O)NC(=O)C1(C(C)C)CC=C(C)C,-2.593
"5,5-Diallylbarbital",O=C1NC(=O)NC(=O)C1(CC=C)CC=C,-2.077
"5,5-Diisopropylbarbital",O=C1NC(=O)NC(=O)C1(C(C)C)C(C)C,-2.766
"5,5-Dimethylbarbituric acid",O=C1NC(=O)NC(=O)C1(C)C,-1.742
"5,6,7,8-tetrahydro-2-naphthol",Oc2ccc1CCCCc1c2 ,-1.99
"5,6-Dimethylchrysene",Cc1c(C)c2c3ccccc3ccc2c4ccccc14,-7.01
5-Allyl-5-ethylbarbital,O=C1NC(=O)NC(=O)C1(CC)CC=C,-1.614
5-Allyl-5-isopropylbarbital,O=C1NC(=O)NC(=O)C1(C(C)C)CC=C,-1.708
5-Allyl-5-methylbarbital,O=C1NC(=O)NC(=O)C1(C)CC=C,-1.16
5-Allyl-5-phenylbarbital,O=C1NC(=O)NC(=O)C1(CC=C)c1ccccc1,-2.369
5-Ethyl-5-(3-methylbutyl)barbital,O=C1NC(=O)NC(=O)C1(CC)CCC(C)C,-2.658
5-Ethyl-5-isopropylbarbituric acid,O=C1NC(=O)NC(=O)C1(CC)C(C)C,-2.148
5-Ethyl-5-phenylbarbital,O=C1NC(=O)NC(=O)C1(CC)c1ccccc1,-2.322
5-fluorouracil,Fc1c[nH]c(=O)[nH]c1=O ,-1.077
5-hydroxyquinoline,Oc1cccc2ncccc12 ,-2.54
5-Methyl-5-ethylbarbituric acid,O=C1NC(=O)NC(=O)C1(C)CC,-1.228
5-Methylchrysene,c1cccc2c3c(C)cc4ccccc4c3ccc12,-6.59
5-methylcytosine,Nc1c(C)c[nH]c(=O)n1 ,-1.458
5-Nonanone,CCCCC(=O)CCCC,-2.58
6-aminochrysene,Nc3cc2c1ccccc1ccc2c4ccccc34 ,-6.2
6-hydroxyquinoline,Oc2ccc1ncccc1c2 ,-2.16
6-methoxypteridine,COc2cnc1ncncc1n2,-1.139
6-Methylchrysene,Cc1cc2c3ccccc3ccc2c4ccccc14,-6.57
"7,12-Dimethylbenz(a)anthracene",Cc1c2ccccc2c(C)c3ccc4ccccc4c13,-7.02
7-methoxypteridine,COc2cnc1cncnc1n2,-0.91
7-methylpteridine,Cc2cnc1cncnc1n2,-0.854
8-quinolinol,Oc1cccc2cccnc12 ,-2.42
"9,10-Dimethylanthracene",Cc1c2ccccc2c(C)c3ccccc13,-6.57
9-anthrol,c3ccc2c(O)c1ccccc1cc2c3 ,-4.73
9-Methylanthracene,Cc1c2ccccc2cc3ccccc13,-5.89
Abate,COP(=S)(OC)Oc1ccc(Sc2ccc(OP(=S)(OC)OC)cc2)cc1,-6.237
Acenapthene,C1Cc2cccc3cccc1c23,-4.63
Acenapthylene,C1=Cc2cccc3cccc1c23,-3.96
Acephate,COP(=O)(NC(C)=O)SC ,0.54
Acetamide,CC(=O)N,1.58
Acetanilide,CC(=O)Nc1ccccc1,-1.33
acetazolamide,CC(=O)Nc1nnc(s1)S(N)(=O)=O ,-2.36
Acetonitrile,CC#N,0.26
Acetophenone,CC(=O)c1ccccc1,-1.28
acetyl sulfisoxazole,CC(=O)N(S(=O)c1ccc(N)cc1)c2onc(C)c2C ,-3.59
Acridine,c3ccc2nc1ccccc1cc2c3,-3.67
Acrolein,C=CC=O,0.57
Acrylonitrile,C=CC#N,0.15
adenine,Nc1ncnc2nc[nH]c12 ,-2.12
adrenosterone,CC34CC(=O)C1C(CCC2=CC(=O)CCC12C)C3CCC4(=O) ,-3.48
alachlor,CCc1cccc(CC)c1N(COC)C(=O)CCl ,-3.26
aldosterone,CC13CCC(=O)C=C1CCC4C2CCC(C(=O)CO)C2(CC(O)C34)C=O ,-3.85
Aldrin,ClC1=C(Cl)C2(Cl)C3C4CC(C=C4)C3C1(Cl)C2(Cl)Cl,-6.307
allantoin,NC(=O)NC1NC(=O)NC1=O ,-1.6
allicin,C=CCS(=O)SCC=C,-0.83
allopurinol,O=c1[nH]cnc2[nH]ncc12 ,-2.266
alloxan,O=C1NC(=O)C(=O)C(=O)N1 ,-1.25
alloxantin,C1(=O)NC(=O)NC(=O)C1(O)C2(O)C(=O)NC(=O)NC2(=O),-1.99
Altretamine,CN(C)c1nc(nc(n1)N(C)C)N(C)C,-3.364
Ametryn,CCNc1nc(NC(C)C)nc(SC)n1,-3.04
Amigdalin,OCC3OC(OCC2OC(OC(C#N)c1ccccc1)C(O)C(O)C2O)C(O)C(O)C3O ,-0.77
Aminocarb,CNC(=O)Oc1ccc(N(C)C)c(C)c1,-2.36
aminopyrine,CN(C)c2c(C)n(C)n(c1ccccc1)c2=O ,-0.364
aminothiazole,Nc1nccs1 ,-0.36
Amitraz,CN(C=Nc1ccc(C)cc1C)C=Nc2ccc(C)cc2C,-5.47
Amitrole,Nc1nc[nH]n1,0.522
Amobarbital,CCC1(CCC(C)C)C(=O)NC(=O)NC1=O,-2.468
ampyrone,Cc2c(N)c(=O)n(c1ccccc1)n2C,-0.624
Ancymidol,COc1ccc(cc1)C(O)(C2CC2)c3cncnc3 ,-2.596
Androstenedione,CC34CCC1C(CCC2=CC(=O)CCC12C)C3CCC4=O,-3.69
Androsterone,CC12CCC(O)CC1CCC3C2CCC4(C)C3CCC4=O,-4.402
Anethole,COc1ccc(C=CC)cc1,-3.13
Aniline ,Nc1ccccc1,-0.41
Anilofos,COP(=S)(OC)SCC(=O)N(C(C)C)c1ccc(Cl)cc1,-4.432
Anisole,COc1ccccc1,-1.85
Anthracene,c1ccc2cc3ccccc3cc2c1,-6.35
Anthraquinone,O=C1c2ccccc2C(=O)c3ccccc13,-5.19
Antipyrene,Cc1cc(=O)n(c2ccccc2)n1C,0.715
Apazone,CCCC1C(=O)N3N(C1=O)c2cc(C)ccc2N=C3N(C)C ,-3.538
"Atovaquone(0,430mg/ml) - neutral",OC4=C(C1CCC(CC1)c2ccc(Cl)cc2)C(=O)c3ccccc3C4=O,-5.931
Atratone,CCNc1nc(NC(C)C)nc(OC)n1,-2.084
Atrazine,CCNc1nc(Cl)nc(NC(C)C)n1,-3.85
Azintamide,CCN(CC)C(=O)CSc1ccc(Cl)nn1,-1.716
Azobenzene,N(=Nc1ccccc1)c2ccccc2,-4.45
Azodrin,CNC(=O)C=C(C)OP(=O)(OC)OC,0.651
Barban,ClCC#CCOC(=O)Nc1cccc(Cl)c1,-4.37
Barbital,O=C1NC(=O)NC(=O)C1(CC)CC,-2.4
Bendroflumethiazide,NS(=O)(=O)c3cc2c(NC(Cc1ccccc1)NS2(=O)=O)cc3C(F)(F)F,-3.59
Benfluralin,CCCCN(CC)c1c(cc(cc1N(=O)=O)C(F)(F)F)N(=O)=O,-5.53
Benfuracarb,CCOC(=O)CCN(SN(C)C(=O)Oc1cccc2CC(C)(C)Oc21)C(C)C,-4.71
benodanil,c1c(NC(=O)c2ccccc2(I))cccc1,-4.21
Benomyl,CCCCNC(=O)n1c(NC(=O)OC)nc2ccccc12,-4.883
Bensulide,CC(C)OP(=S)(OC(C)C)SCCNS(=O)(=O)c1ccccc1,-4.2
Benzaldehyde,O=Cc1ccccc1,-1.19
Benzamide,NC(=O)c1ccccc1,-0.96
Benzene ,c1ccccc1,-1.64
benzhydrol,c1ccccc1C(O)c2ccccc2,-2.55
Benznidazole,O=C(Cn1ccnc1N(=O)=O)NCc2ccccc2,-2.81
Benzo(a)fluorene,C1c2ccccc2c3ccc4ccccc4c13,-6.68
Benzo(a)pyrene,c1ccc2c(c1)cc3ccc4cccc5ccc2c3c45,-8.699
Benzo(b)fluoranthene,c1ccc2c(c1)c3cccc4c3c2cc5ccccc54,-8.23
Benzo(b)fluorene,C1c2ccccc2c3cc4ccccc4cc13,-8.04
Benzo(e)pyrene,c1ccc2c(c1)c3cccc4ccc5cccc2c5c43,-7.8
Benzo(j)fluoranthene,c1ccc2c3c(ccc2c1)c4cccc5cccc3c45,-8.0
Benzo(k)fluoranthene,c1ccc2cc3c4cccc5cccc(c3cc2c1)c45,-8.49
Benzo[ghi]perylene,c1cc2ccc3ccc4ccc5cccc6c(c1)c2c3c4c56,-9.018
Benzocaine,CCOC(=O)c1ccc(N)cc1,-2.616
benzoin,OC(C(=O)c1ccccc1)c2ccccc2,-2.85
Benzonitrile,N#Cc1ccccc1,-1.0
Benzophenone,O=C(c1ccccc1)c2ccccc2,-3.12
benzothiazole,c2ccc1scnc1c2 ,-1.5
Benzotriazole,c2ccc1[nH]nnc1c2,-0.78
Benzoxazole,c2ccc1ocnc1c2,-1.16
Benzylchloride,ClCc1ccccc1,-2.39
Benzyltrifluoride,FC(F)(F)c1ccccc1,-2.51
benzylurea,NC(=O)NCc1ccccc1 ,-0.95
Betamethasone-17-valerate,CCCCC(=O)OC3(C(C)CC4C2CCC1=CC(=O)C=CC1(C)C2(F)C(O)CC34C)C(=O)CO,-4.71
Bibenzyl ,C(Cc1ccccc1)c2ccccc2,-4.62
Biphenyl,c1ccc(cc1)c2ccccc2,-4.345
biquinoline,c2ccc1nc(ccc1c2)c4ccc3ccccc3n4 ,-5.4
borneol,CC1(C)C2CCC1(C)C(O)C2,-2.32
Bromacil,CCC(C)n1c(=O)[nH]c(C)c(Br)c1=O ,-2.523
bromadiolone,OC(CC(c1ccccc1)c3c(O)c2ccccc2oc3=O)c4ccc(cc4)c5ccc(Br)cc5 ,-4.445
Bromobenzene,Brc1ccccc1,-2.55
Bromochloromethane,ClCBr,-0.89
Bromodichloromethane,BrC(Cl)Cl,-1.54
Bromoethane,CCBr,-1.09
Bromomethane,CBr,-0.79
Bromophos,COP(=S)(OC)Oc1cc(Cl)c(Br)cc1Cl,-6.09
bromopropylate,CC(C)OC(=O)C(O)(c1ccc(Br)cc1)c2ccc(Br)cc2 ,-4.93
bromoxynil,Oc1c(Br)cc(C#N)cc1Br ,-3.33
brompyrazone,c1ccccc1n2ncc(N)c(Br)c2(=O),-3.127
bupirimate,CCCCc1c(C)nc(NCC)nc1OS(=O)(=O)N(C)C ,-4.16
Butabarbital,O=C1NC(=O)NC(=O)C1(CC)C(C)CC,-2.39
butacarb,c1(C(C)(C)C)cc(C(C)(C)C)cc(OC(=O)NC)c1,-4.24
butachlor,CCCCOCN(C(=O)CCl)c1c(CC)cccc1CC ,-4.19
butallylonal,CCC(C)C1(CC(Br)=C)C(=O)NC(=O)NC1=O ,-2.647
Butamben,CCCCOC(=O)c1ccc(N)cc1,-3.082
Butan-2-ol,CCC(C)O,0.47
Butane,CCCC,-2.57
Butanethiol ,CCCCS,-2.18
Butethal,CCCCC1(CC)C(=O)NC(=O)NC1=O,-1.661
Buthidazole,CN1CC(O)N(C1=O)c2nnc(s2)C(C)(C)C,-1.877
Buturon,CC(C#C)N(C)C(=O)Nc1ccc(Cl)cc1,-3.9
Butyl acetate,CCCCOC=O,-1.37
Butylate,CCSC(=O)N(CC(C)C)CC(C)C,-3.68
Butylbenzene,CCCCc1ccccc1,-4.06
Butyraldehyde,CCCC=O,-0.01
Caffeine,Cn1cnc2n(C)c(=O)n(C)c(=O)c12,-0.876
Camphor,CC1(C)C2CCC1(C)C(=O)C2,-1.96
Caproaldehyde,CCCCCC=O,-1.3
captafol,ClC(Cl)C(Cl)(Cl)SN2C(=O)C1CC=CCC1C2=O ,-5.4
Carbanilide,O=C(Nc1ccccc1)Nc2ccccc2,-3.15
Carbaryl,CNC(=O)Oc1cccc2ccccc12,-3.224
Carbazole,c1ccc2c(c1)[nH]c3ccccc32,-5.27
Carbetamide,c1c(NC(=O)OC(C)C(=O)NCC)cccc1,-1.83
Carbofuran,CNC(=O)Oc1cccc2CC(C)(C)Oc12,-2.8
Carbophenthion,CCOP(=S)(OCC)SCSc1ccc(Cl)cc1,-5.736
Carboxin,CC1=C(SCCO1)C(=O)Nc2ccccc2,-3.14
Carbromal,CCC(Br)(CC)C(=O)NC(N)=O,-2.68
Carvacrol,c1(O)c(C)ccc(C(C)C)c1,-2.08
Carvone,CC(=C)C1CC=C(C)C(=O)C1,-2.06
chloralose,OCC(O)C2OC1OC(OC1C2O)C(Cl)(Cl)Cl ,-1.84
Chloramphenicol,OCC(NC(=O)C(Cl)Cl)C(O)c1ccc(cc1)N(=O)=O,-2.111
Chlorazine,CCN(CC)c1nc(Cl)nc(n1)N(CC)CC,-4.411
Chlorbromuron,CON(C)C(=O)Nc1ccc(Br)c(Cl)c1,-3.924
Chlorbufam,CC(OC(=O)Nc1cccc(Cl)c1)C#C,-2.617
Chlordane,ClC1CC2C(C1Cl)C3(Cl)C(=C(Cl)C2(Cl)C3(Cl)Cl)Cl,-6.86
Chlordene,ClC2=C(Cl)C3(Cl)C1C=CCC1C2(Cl)C3(Cl)Cl ,-5.64
chlordimeform,CN(C)C=Nc1ccc(Cl)cc1C,-2.86
Chlorimuron-ethyl (ph 7),CCOC(=O)c1ccccc1S(=O)(=O)NN(C=O)c2nc(Cl)cc(OC)n2,-4.576
chloroacetamide,NC(=O)CCl ,-0.02
Chloroacetonitrile,ClCC#N,-0.092
Chlorobenzene,Clc1ccccc1,-2.38
Chlorodibromethane,ClC(Br)Br,-1.9
Chloroethane,ClCC,-1.06
Chloroethylene,ClC=C,-1.75
Chloropham,CC(C)OC(=O)Nc1cccc(Cl)c1,-3.38
Chloropicrin,ClC(Cl)(Cl)N(=O)=O,-2.0
chloropropylate,c1ccc(Cl)cc1C(c2ccc(Cl)cc2)(O)C(=O)OC(C)C,-4.53
Chlorothalonil,c1(C#N)c(Cl)c(C#N)c(Cl)c(Cl)c(Cl)1,-5.64
chlorothiazide,NS(=O)(=O)c2cc1c(N=CNS1(=O)=O)cc2Cl ,-3.05
Chlorotoluron,CN(C)C(=O)Nc1ccc(C)c(Cl)c1,-3.46
Chloroxuron,CN(C)C(=O)Nc2ccc(Oc1ccc(Cl)cc1)cc2,-4.89
chlorpyrifos,CCOP(=S)(OCC)Oc1nc(Cl)c(Cl)cc1Cl ,-5.67
chlorquinox,c2(Cl)c(Cl)c(Cl)c1nccnc1c2(Cl) ,-5.43
Chlorthalidone,NS(=O)(=O)c1cc(ccc1Cl)C2(O)NC(=O)c3ccccc23,-3.451
Chlortoluron,CN(C)C(=O)Nc1ccc(C)c(Cl)c1,-3.483
Chlorzoxazone,Clc2ccc1oc(=O)[nH]c1c2,-2.831
Cholanthrene,C1Cc2c3c1cccc3cc4c2ccc5ccccc54,-7.85
Chrysene,c1ccc2c(c1)ccc3c4ccccc4ccc23,-8.057
"cis 1,2-Dichloroethylene",Cl\C=C/Cl,-1.3
"cis-1,2-Dimethylcyclohexane",C/C1CCCCC1\C,-4.3
cis-2-Pentene,CC/C=C\C,-2.54
citral,CC(C)=CCCC(C)=CC(=O),-2.06
Clomazone,CC1(C)CON(Cc2ccccc2Cl)C1=O,-2.338
Clonazepam,Clc1ccccc1C2=NCC(=O)Nc3ccc(cc23)N(=O)=O,-3.499
Coronene,c1cc2ccc3ccc4ccc5ccc6ccc1c7c2c3c4c5c67,-9.332
Corticosterone,CC12CC(O)C3C(CCC4=CC(=O)CCC34C)C2CCC1C(=O)CO,-3.24
Cortisone,CC12CC(=O)C3C(CCC4=CC(=O)CCC34C)C2CCC1(O)C(=O)CO,-3.11
cortisone acetate,CC(=O)OCC(=O)C3(O)CCC4C2CCC1=CC(=O)CCC1(C)C2C(=O)CC34C ,-4.21
Coumachlor,CC(=O)CC(c1ccc(Cl)cc1)c2c(O)c3ccccc3oc2=O,-5.839
Coumaphos,CCOP(=S)(OCC)Oc2ccc1oc(=O)c(Cl)c(C)c1c2,-5.382
Coumatetralyl,O=c2c(C3CCCc4ccccc43)c(O)c1ccccc1o2 ,-2.84
Cyanazine,CCNc1nc(Cl)nc(NC(C)(C)C#N)n1,-3.15
cycloate,CCSC(=O)N(CC)C1CCCCC1 ,-3.4
cyclobarbital,CCC1(C(=O)NC(=O)NC1=O)C2=CCCCC2 ,-2.17
Cyclobutyl-5-spirobarbituric acid,O=C2NC(=O)C1(CCC1)C(=O)N2,-1.655
Cycloheptane,C1CCCCCC1,-3.51
Cycloheptanol,OC1CCCCCC1,-0.88
Cycloheptene,C1CCC=CCC1,-3.18
Cycloheptyl-5-spirobarbituric acid,O=C2NC(=O)C1(CCCCCC1)C(=O)N2 ,-3.168
Cyclohexane,C1CCCCC1,-3.1
Cyclohexanol ,OC1CCCCC1,-0.44
Cyclohexanone,O=C1CCCCC1,-0.6
Cyclohexene,C1CCC=CC1,-2.59
cycloheximide,CC1CC(C)C(=O)C(C1)C(O)CC2CC(=O)NC(=O)C2 ,-1.13
Cyclohexyl-5-spirobarbituric acid,O=C2NC(=O)C1(CCCCC1)C(=O)N2,-3.06
Cyclooctane,C1CCCCCCC1,-4.15
Cyclooctanol,OC1CCCCCCC1,-1.29
Cyclooctyl-5-spirobarbituric acid,O=C2NC(=O)C1(CCCCCCC1)C(=O)N2,-2.982
Cyclopentane ,C1CCCC1,-2.64
Cyclopentene ,C1CC=CC1,-2.1
Cyclopentyl-5-spirobarbituric acid,O=C2NC(=O)C1(CCCC1)C(=O)N2,-2.349
Cyclopropyl-5-spirobarbituric acid,O=C2NC(=O)C1(CC1)C(=O)N2 ,-1.886
Cycluron,CN(C)C(=O)NC1CCCCCCC1,-2.218
Cyfluthrin,CC1(C)C(C=C(Cl)Cl)C1C(=O)OC(C#N)c2ccc(F)c(Oc3ccccc3)c2,-7.337
Cyhalothrin,CC1(C)C(C=C(Cl)C(F)(F)F)C1C(=O)OC(C#N)c2cccc(Oc3ccccc3)c2,-8.176
Cypermethrin,CC1(C)C(C=C(Cl)Cl)C1C(=O)OC(C#N)c2cccc(Oc3ccccc3)c2,-8.017
cytosine,Nc1cc[nH]c(=O)n1 ,-1.155
Danazol,CC23Cc1cnoc1C=C2CCC4C3CCC5(C)C4CCC5(O)C#C,-5.507
Dapsone,Nc1ccc(cc1)S(=O)(=O)c2ccc(N)cc2,-3.094
DDD,ClC(Cl)C(c1ccc(Cl)cc1)c2ccc(Cl)cc2,-7.2
DDE,ClC(Cl)=C(c1ccc(Cl)cc1)c2ccc(Cl)cc2,-6.9
DDT,Clc1ccc(cc1)C(c2ccc(Cl)cc2)C(Cl)(Cl)Cl,-7.15
Decalin,C1CCC2CCCCC2C1,-5.19
DEF,CCCCSP(=O)(SCCCC)SCCCC,-5.14
Deltamethrin,CC1(C)C(C=C(Br)Br)C1C(=O)OC(C#N)c2cccc(Oc3ccccc3)c2,-8.402
Deoxycorticosterone,CC12CCC3C(CCC4=CC(=O)CCC34C)C2CCC1C(=O)CO,-3.45
deoxycorticosterone acetate,CC(=O)OCC(=O)C3CCC4C2CCC1=CC(=O)CCC1(C)C2CCC34C ,-4.63
Desmedipham,CCOC(=O)Nc2cccc(OC(=O)Nc1ccccc1)c2 ,-4.632
Dexamethasone,CC1CC2C3CCC4=CC(=O)C=CC4(C)C3(F)C(O)CC2(C)C1(O)C(=O)CO,-3.59
dexamethasone acetate,CC4CC3C2CCC1=CC(=O)C=CC1(C)C2(F)C(O)CC3(C)C4(O)C(=O)COC(C)=O ,-4.9
D-fenchone,CC2(C)C1CCC(C)(C1)C2=O,-1.85
Di(2-ethylhexyl)-phthalate,CCCCC(CC)COC(=O)c1ccccc1C(=O)OCC(CC)CCCC,-6.96
Dialifor,CCOP(=S)(OCC)SC(CCl)N1C(=O)c2ccccc2C1=O,-6.34
Dialifos,CCOP(=S)(OCC)SC(CCl)N2C(=O)c1ccccc1C2=O,-6.34
Diallate,CC(C)N(C(C)C)C(=O)SCC(=CCl)Cl,-4.286
Diazepam,CN2C(=O)CN=C(c1ccccc1)c3cc(Cl)ccc23,-3.754
Diazinon,CCOP(=S)(OCC)Oc1cc(C)nc(n1)C(C)C,-3.64
Dibenzofurane,o1c2ccccc2c3ccccc13,-4.6
Dibenzothiophene,c1ccc2c(c1)sc3ccccc23,-4.38
Dibromomethane,BrCBr,-1.17
Dibutyl ether ,CCCCOCCCC,-1.85
dibutyl sebacate,CCCCOC(=O)CCCCCCCCC(=O)OCCCC,-3.896
dibutylphthalate,CCCCOC(=O)c1ccccc1C(=O)OCCCC ,-4.4
Dicapthon,COP(=S)(OC)Oc1ccc(cc1Cl)N(=O)=O,-4.31
Dichloromethane,ClCCl,-0.63
Dichlorophen,Oc1ccc(Cl)cc1Cc2cc(Cl)ccc2O,-3.953
Dicofol,OC(c1ccc(Cl)cc1)(c2ccc(Cl)cc2)C(Cl)(Cl)Cl,-5.666
Dieldrin,ClC4=C(Cl)C5(Cl)C3C1CC(C2OC12)C3C4(Cl)C5(Cl)Cl,-6.29
Dienestrol,CC=C(C(=CC)c1ccc(O)cc1)c2ccc(O)cc2,-4.95
Dienochlor,ClC1=C(Cl)C(Cl)(C(=C1Cl)Cl)C2(Cl)C(=C(Cl)C(=C2Cl)Cl)Cl,-7.278
Diethyl ether ,CCOCC,-0.09
Diethyl phthalate ,CCOC(=O)c1ccccc1C(=O)OCC,-2.35
Diethyl sulfide,CCSCC,-1.34
Diethyldisulfide,CCSSCC,-2.42
diethylstilbestrol,CCC(=C(CC)c1ccc(O)cc1)c2ccc(O)cc2 ,-4.07
Difenoxuron,COc2ccc(Oc1ccc(NC(=O)N(C)C)cc1)cc2,-4.16
difluron,Fc1cccc(F)c1C(=O)NC(=O)Nc2ccc(Cl)cc2,-6.02
Digitoxin,CC1OC(CC(O)C1O)OC2C(O)CC(OC2C)OC8C(O)CC(OC7CCC3(C)C(CCC4C3CCC5(C)C(CCC45O)C6=CC(=O)OC6)C7)OC8C ,-5.293
"Digoxin (L1=41,8mg/mL, L2=68,2mg/mL, Z=40,1mg/mL)",CC1OC(CC(O)C1O)OC2C(O)CC(OC2C)OC8C(O)CC(OC7CCC3(C)C(CCC4C3CC(O)C5(C)C(CCC45O)C6=CC(=O)OC6)C7)OC8C ,-4.081
Dihexyl phthalate,CCCCCCOC(=O)c1ccccc1C(=O)OCCCCCC,-6.144
Diiodomethane,ICI,-2.34
diisooctyl phthalate,c1(C(=O)OCCCCCC(C)(C))c(C(=O)OCCCCCC(C)(C))cccc1,-6.637
Diisopropyl ether ,CC(C)OC(C)C,-1.1
Diisopropylsulfide,CC(C)SC(C)C,-2.24
Dimecron,CCN(CC)C(=O)C(=CCOP(=O)(OC)OC)Cl,0.523
Dimefuron,CN(C)C(=O)Nc1ccc(c(Cl)c1)n2nc(oc2=O)C(C)(C)C,-4.328
dimetan,CN(C)C(=O)OC1=CC(=O)CC(C)(C)C1 ,-0.85
dimethirimol,CCCCc1c(C)nc(nc1O)N(C)C ,-2.24
Dimethoxymethane,COCOC,0.48
Dimethyl phthalate,COC(=O)c1ccccc1C(=O)OC,-1.66
Dimethyl sulfide,CSC,-0.45
Dimethyldisulfide,CSSC,-1.44
Dinitramine,CCN(CC)c1c(cc(c(N)c1N(=O)=O)C(F)(F)F)N(=O)=O,-5.47
Dinoseb,CCC(C)c1cc(cc(N(=O)=O)c1O)N(=O)=O ,-3.38
d-inositol,OC1C(O)C(O)C(O)C(O)C1O,0.35
Di-n-propylsulfide,CCCSCCC,-2.58
dioctyl phthalate,CCCCCCCCOC(=O)c1ccccc1C(=O)OCCCCCCCC ,-5.115
Diosgenin,C1C(O)CCC2(C)CC3CCC4(C)C5(C)CC6OCC(C)CC6OC5CC4C3C=C21,-7.32
Dioxacarb,CNC(=O)Oc1ccccc1C2OCCO2,-1.57
diphenamid,CN(C)C(=O)C(c1ccccc1)c2ccccc2 ,-2.98
Diphenyl ether ,O(c1ccccc1)c2ccccc2,-3.96
Diphenylamine,N(c1ccccc1)c2ccccc2,-3.504
Diphenylmethane,C(c1ccccc1)c2ccccc2,-4.08
Dipropyl ether,CCCOCCC,-1.62
Disulfiram,CCN(CC)C(=S)SSC(=S)N(CC)CC,-4.86
Disulfoton,CCOP(=S)(OCC)SCCSCC,-4.23
Ditalimfos,CCOP(=S)(OCC)N2C(=O)c1ccccc1C2=O,-3.35
Diuron,CN(C)C(=O)Nc1ccc(Cl)c(Cl)c1,-3.8
d-Limonene,CC1=CCC(CC1)C(C)=C,-4.26
DNOC,Cc1cc(cc(N(=O)=O)c1O)N(=O)=O,-1.456
Dulcin,CCOc1ccc(NC(N)=O)cc1,-2.17
Dyphylline,Cn2c(=O)n(C)c1ncn(CC(O)CO)c1c2=O,-0.17
Eicosane,CCCCCCCCCCCCCCCCCCCC,-8.172
Endrin,ClC4=C(Cl)C5(Cl)C3C1CC(C2OC12)C3C4(Cl)C5(Cl)Cl,-6.18
Epiandrosterone,CC34CCC1C(CCC2CC(O)CCC12C)C3CCC4=O,-4.16
Epitostanol,CC45CCC2C(CCC3CC1SC1CC23C)C4CCC5O,-5.41
Equilenin,CC34CCc1c(ccc2cc(O)ccc12)C3CCC4=O,-5.24
Equilin,CC34CCC1C(=CCc2cc(O)ccc12)C3CCC4=O,-5.282
Eriodictyol,Oc2cc(O)c1C(=O)CC(Oc1c2)c3ccc(O)c(O)c3,-3.62
Erythritol,OCC(O)C(O)CO,0.7
Estradiol,CC12CCC3C(CCc4cc(O)ccc34)C2CCC1O,-5.03
Estragole,c1(OC)ccc(CC=C)cc1,-2.92
estriol,CC34CCC1C(CCc2cc(O)ccc12)C3CC(O)C4O ,-4.955
Estrone,CC12CCC3C(CCc4cc(O)ccc34)C2CCC1=O,-3.955
Ethalfluralin,CCN(CC(C)=C)c1c(cc(cc1N(=O)=O)C(F)(F)F)N(=O)=O,-6.124
Ethane,CC,-1.36
Ethanethiol,CCS,-0.6
Ethanol,CCO,1.1
Ethinyl estradiol,CC34CCC1C(CCc2cc(O)ccc12)C3CCC4(O)C#C ,-4.3
ethiofencarb,CCSCc1ccccc1OC(=O)NC ,-2.09
Ethion,CCOP(=S)(OCC)SCSP(=S)(OCC)OCC,-5.54
Ethirimol,CCCCc1c(C)nc(NCC)[nH]c1=O,-3.028
Ethisterone,CC12CCC(=O)C=C1CCC3C2CCC4(C)C3CCC4(O)C#C ,-5.66
Ethofumesate,CCOC2Oc1ccc(OS(C)(=O)=O)cc1C2(C)C,-3.42
ethofumesate,CCOC2Oc1ccc(OS(C)(=O)=O)cc1C2(C)C,-3.42
Ethoxyzolamide,CCOc2ccc1nc(sc1c2)S(N)(=O)=O ,-3.81
Ethyl acetate,CCOC(=O)C,-0.04
Ethyl benzoate ,CCOC(=O)c1ccccc1,-2.32
Ethyl butyrate,CCCCCOC(=O)CC,-1.28
ethyl cinnamate,CCOC(=O)C=Cc1ccccc1,-3.0
Ethyl decanoate,CCCCCCCCCC(=O)OCC,-4.1
Ethyl formate,CCOC=O,0.15
Ethyl heptanoate,CCCCCCC(=O)OCC,-2.74
Ethyl hexanoate,CCCCCC(=O)OCC,-2.35
Ethyl nonanoate,CCCCCCCCC(=O)OCC,-3.8
Ethyl octanoate,CCCCCCCC(=O)OCC,-3.39
Ethyl pentanoate,CCCOC(=O)CCC,-1.75
Ethyl propionate,CCOC(=O)CC,-0.66
Ethyl propyl ether,CCCOCC,-0.66
Ethyl vinyl ether,CCOC=C,-0.85
Ethylbenzene,CCc1ccccc1,-2.77
Ethylcyclohexane,CCC1CCCCC1,-4.25
Ethylene,C=C,-0.4
Ethyl-p-aminobenzoate,CCOC(=O)c1ccc(N)cc1,-2.1
Ethyl-p-hydroxybenzoate ,CCOC(=O)c1ccc(O)cc1,-2.35
Ethyne,C#C,0.29
Etofenprox,CCOc1ccc(cc1)C(C)(C)COCc3cccc(Oc2ccccc2)c3,-8.6
Etomidate,CCOC(=O)c1cncn1C(C)c2ccccc2,-4.735
"Etoposide (148-167,25mg/ml)",COc1cc(cc(OC)c1O)C6C2C(COC2=O)C(OC4OC3COC(C)OC3C(O)C4O)c7cc5OCOc5cc67,-3.571
eucalyptol,CC12CCC(CC1)C(C)(C)O2 ,-1.64
Eugenol,COc1cc(CC=C)ccc1O,-1.56
Fenarimol,OC(c1ccc(Cl)cc1)(c2cncnc2)c3ccccc3Cl,-4.38
Fenfuram,Cc1occc1C(=O)Nc2ccccc2,-3.3
Fenitrothion,COP(=S)(OC)Oc1ccc(N(=O)=O)c(C)c1,-4.04
Fenothiocarb,CN(C)C(=O)SCCCCOc1ccccc1,-3.927
Fenoxycarb,CCOC(=O)NCCOc2ccc(Oc1ccccc1)cc2,-4.7
Fenpropathrin,CC1(C)C(C(=O)OC(C#N)c2cccc(Oc3ccccc3)c2)C1(C)C,-6.025
fensulfothion,CCOP(=S)(OCC)Oc1ccc(cc1)S(C)=O ,-2.3
Fenthion,COP(=S)(OC)Oc1ccc(SC)c(C)c1,-4.57
Fenuron,CN(C)C(=O)Nc1ccccc1,-1.6
fluconazole,OC(Cn1cncn1)(Cn2cncn2)c3ccc(F)cc3F ,-1.8
Flucythrinate,CC(C)C(C(=O)OC(C#N)c1cccc(Oc2ccccc2)c1)c3ccc(OC(F)F)cc3,-6.876
Flucytosine,Nc1nc(=O)[nH]cc1F,-0.972
Fludrocortisone,CC34CC(O)C1(F)C(CCC2=CC(=O)CCC12C)C3CCC4(O)C(=O)CO ,-3.43
Flumethasone,CC1CC2C3CC(F)C4=CC(=O)C=CC4(C)C3(F)C(O)CC2(C)C1(O)C(=O)CO,-5.613
Flumetralin,CCN(Cc1c(F)cccc1Cl)c2c(cc(cc2N(=O)=O)C(F)(F)F)N(=O)=O,-6.78
Fluometuron,CN(C)C(=O)Nc1cccc(c1)C(F)(F)F,-3.43
Fluoranthene,c1ccc2c(c1)c3cccc4cccc2c34,-6.0
Fluorene ,C1c2ccccc2c3ccccc13,-5.0
Fluorobenzene,Fc1ccccc1,-1.8
Fluoromethalone,CC1CC2C3CCC(O)(C(=O)C)C3(C)CC(O)C2(F)C4(C)C=CC(=O)C=C14,-4.099
Fluorometuron,CN(C)C(=O)Nc1cccc(c1)C(F)(F)F,-3.32
Fluridone,Cn2cc(c1ccccc1)c(=O)c(c2)c3cccc(c3)C(F)(F)F,-4.445
Flurochloridone,FC(F)(F)c1cccc(c1)N2CC(CCl)C(Cl)C2=O,-4.047
Flutriafol,OC(Cn1cncn1)(c2ccc(F)cc2)c3ccccc3F,-3.37
Fluvalinate,CC(C)C(Nc1ccc(cc1Cl)C(F)(F)F)C(=O)OC(C#N)c2cccc(Oc3ccccc3)c2,-8.003
Formetanate,CNC(=O)Oc1cccc(N=CN(C)C)c1,-2.34
Formothion,COP(=S)(OC)SCC(=O)N(C)C=O,-1.995
Fructose,OCC1OC(O)(CO)C(O)C1O,0.64
Furane,c1ccoc1,-0.82
Furfural,O=Cc1ccco1,-0.1
gentisin,c1c(O)C2C(=O)C3cc(O)ccC3OC2cc1(OC),-2.943
Glafenine,OCC(O)COC(=O)c1ccccc1Nc2ccnc3cc(Cl)ccc23,-4.571
glucose,OCC1OC(O)C(O)C(O)C1O,0.74
Glutethimide,CCC1(CCC(=O)NC1=O)c2ccccc2 ,-2.337
Glycerol,OCC(O)CO,1.12
Glyceryl triacetate,CC(=O)OCC(COC(=O)C)OC(=O)C,-0.6
Griseofulvin,COC1=CC(=O)CC(C)C13Oc2c(Cl)c(OC)cc(OC)c2C3=O,-3.246
Guaiacol,COc1ccccc1O ,-1.96
guanine,Nc2nc1[nH]cnc1c(=O)[nH]2 ,-3.583
halothane,FC(F)(F)C(Cl)Br ,-1.71
hematein,c1cc(O)c(O)c2OCC3(O)CC4=CC(=O)C(O)=CC4=C3c21,-2.7
Heptachlor,ClC1C=CC2C1C3(Cl)C(=C(Cl)C2(Cl)C3(Cl)Cl)Cl,-6.317
Heptane,CCCCCCC,-4.53
"Hexachloro-1,3-butadiene",ClC(=C(Cl)C(=C(Cl)Cl)Cl)Cl,-4.92
Hexachloroethane,ClC(Cl)(Cl)C(Cl)(Cl)Cl,-3.67
hexacosane,CCCCCCCCCCCCCCCCCCCCCCCCCC,-8.334
Hexadecane,CCCCCCCCCCCCCCCC,-8.4
Hexamethylbenzene,Cc1c(C)c(C)c(C)c(C)c1C,-5.23
Hexane ,CCCCCC,-3.84
Hexestrol,CCC(C(CC)c1ccc(O)cc1)c2ccc(O)cc2,-4.43
Hexylbenzene ,CCCCCCc1ccccc1,-5.21
hydantoin,O=C1CNC(=O)N1 ,-0.4
hydrazobenzene,N(Nc1ccccc1)c2ccccc2 ,-2.92
hydrobenzoin,c1ccccc1C(O)C(O)c2ccccc2,-1.93
hydrochlorothiazide,NS(=O)(=O)c2cc1c(NCNS1(=O)=O)cc2Cl ,-2.63
Hydrocortisone ,CC12CC(O)C3C(CCC4=CC(=O)CCC34C)C2CCC1(O)C(=O)CO,-3.09
Hydrocortisone 21-acetate,CC(=O)OCC(=O)C1(O)CCC2C3CCC4=CC(=O)CCC4(C)C3C(O)CC21C,-4.88
hydroxychlordene,OC1C=CC2C1C3(Cl)C(=C(Cl)C2(Cl)C3(Cl)Cl)Cl ,-5.46
Hydroxyprogesterone-17a,CC(=O)C1(O)CCC2C3CCC4=CC(=O)CCC4(C)C3CCC21C,-3.817
Hypoxanthine,O=c1[nH]cnc2nc[nH]c12 ,-2.296
Indan,C1Cc2ccccc2C1,-3.04
Indapamide,CC2Cc1ccccc1N2NC(=O)c3ccc(Cl)c(c3)S(N)(=O)=O ,-3.586
indazole,c2ccc1[nH]ncc1c2 ,-2.16
Indole,c2ccc1[nH]ccc1c2,-1.52
indoline,c2ccc1NCCc1c2 ,-1.04
Inosine,OCC1OC(C(O)C1O)n2cnc3c(O)ncnc23,-1.23
Iodobenzene,Ic1ccccc1,-3.01
Iodoethane,CCI,-1.6
Iodofenphos,COP(=S)(OC)Oc1cc(Cl)c(I)cc1Cl,-6.62
Iodomethane,CI,-1.0
Ioxynil,Oc1c(I)cc(C#N)cc1I,-3.61
Ipazine,CCN(CC)c1nc(Cl)nc(NC(C)C)n1,-3.785
Isazofos,CCOP(=S)(OCC)Oc1nc(Cl)n(n1)C(C)C,-3.658
Isobutyl acetate,CC(C)COC(=O)C,-1.21
Isobutyl formate,CC(C)COC=O,-1.01
Isobutylbenzene,CC(C)Cc1ccccc1,-4.12
isocarbamid,C1N(C(=O)NCC(C)C)C(=O)NC1,-2.15
Isocarboxazid,Cc1cc(no1)C(=O)NNCc2ccccc2,-2.461
Isofenphos,CCOP(=S)(NC(C)C)Oc1ccccc1C(=O)OC(C)C,-4.194
isoguanine,Nc1nc(O)nc2nc[nH]c12 ,-3.401
Isonazid,c1nccc(C(=O)NN)c1,0.009
Isopentyl acetate,CC(C)CCOC(=O)C,-1.92
Isopentyl formate,CC(C)CCOC=O,-1.52
isophorone,CC1=CC(=O)CC(C)(C)C1 ,-1.06
Isoprocarb,CNC(=O)Oc1ccccc1C(C)C,-2.863
Isopropalin,CCCN(CCC)c1c(cc(cc1N(=O)=O)C(C)C)N(=O)=O,-6.49
Isopropyl acetate,CC(C)OC(=O)C,-0.55
Isopropyl formate,CC(C)OC=O,-0.63
Isopropylbenzene ,CC(C)c1ccccc1,-3.27
Isoproturon,CC(C)c1ccc(NC(=O)N(C)C)cc1,-3.536
Isoquinoline,c1ccc2cnccc2c1,-1.45
karbutilate,CN(C)C(=O)Nc1cccc(OC(=O)NC(C)(C)C)c1 ,-2.93
kebuzone,CC(=O)CCC1C(=O)N(N(C1=O)c2ccccc2)c3ccccc3,-3.27
Kepone,ClC1(C(=O)C2(Cl)C3(Cl)C14Cl)C5(Cl)C2(Cl)C3(Cl)C(Cl)(Cl)C45Cl,-5.259
Khellin,COc2c1occc1c(OC)c3c(=O)cc(C)oc23 ,-3.021
Lactose,OCC1OC(OC2C(O)C(O)C(O)OC2CO)C(O)C(O)C1O,-0.244
L-arabinose,C1OC(O)C(O)C(O)C1O,0.39
Lenacil,O=c2[nH]c1CCCc1c(=O)n2C3CCCCC3,-4.594
linalool,CC(C)=CCCC(O)(C)C=C,-1.99
Lindane,ClC1C(Cl)C(Cl)C(Cl)C(Cl)C1Cl,-4.64
Linuron,CON(C)C(=O)Nc1ccc(Cl)c(Cl)c1,-3.592
Lorazepam,OC3N=C(c1ccccc1Cl)c2cc(Cl)ccc2NC3=O,-3.604
Lovastatin,CCC(C)C(=O)OC2CC(C)C=C3C=CC(C)C(CCC1CC(O)CC(=O)O1)C23 ,-6.005
Malathion,CCOC(=O)CC(SP(=S)(OC)OC)C(=O)OCC,-3.37
Malonic acid diethylester,CCOC(=O)CC(=O)OCC,-0.82
Maltose,OCC1OC(OC2C(O)C(O)C(O)OC2CO)C(O)C(O)C1O,0.358
mannitol,OCC(O)C(O)C(O)C(O)CO ,0.06
m-Chloroaniline,Nc1cccc(Cl)c1,-1.37
m-Chlorobromobenzene,Clc1cccc(Br)c1,-3.21
m-Chloroiodobenzene,Clc1cccc(I)c1,-3.55
m-Chloronitrobenzene ,Clc1cccc(c1)N(=O)=O,-2.77
Mebendazole,COC(=O)Nc2nc1ccc(cc1[nH]2)C(=O)c3ccccc3,-3.88
Mecarbam,CCOC(=O)N(C)C(=O)CSP(=S)(OCC)OCC,-2.518
meconin,c1c(OC)c(OC)C2C(=O)OCC2c1,-1.899
Medrogestone,CC(=O)C3(C)CCC4C2C=C(C)C1=CC(=O)CCC1(C)C2CCC34C,-5.27
Mefenacet,CN(C(=O)COc1nc2ccccc2s1)c3ccccc3,-4.873
Mefluidide,CC(=O)Nc1cc(NS(=O)(=O)C(F)(F)F)c(C)cc1C,-3.24
megestrol acetate,CC(=O)OC3(CCC4C2C=C(C)C1=CC(=O)CCC1(C)C2CCC34C)C(C)=O ,-5.35
Menadione,CC2=CC(=O)c1ccccc1C2=O ,-3.03
menthol,CC(C)C1CCC(C)CC1O ,-2.53
Menthone,CC(C)C1CCC(C)CC1=O,-2.35
Meprobamate,CCCC(C)(COC(N)=O)COC(N)=O ,-1.807
mercaptobenzothiazole,Sc2nc1ccccc1s2 ,-3.18
metalaxyl,COCC(=O)N(C(C)C(=O)OC)c1c(C)cccc1C ,-1.601
Methane,C,-0.9
Methanol,CO,1.57
Methaqualone,Cc1ccccc1n3c(C)nc2ccccc2c3=O,-2.925
metharbital,CCC1(CC)C(=O)NC(=O)N(C)C1=O ,-2.23
Methazole,Cn2c(=O)on(c1ccc(Cl)c(Cl)c1)c2=O,-2.82
Methocarbamol,COc1ccccc1OCC(O)COC(N)=O,-0.985
Methoprene,COC(C)(C)CCCC(C)CC=CC(C)=CC(=O)OC(C)C,-5.19
Methoproptryne,COCCCNc1nc(NC(C)C)nc(SC)n1,-2.928
Methoxsalen,COc2c1occc1cc3ccc(=O)oc23 ,-3.664
Methoxychlor,COc1ccc(cc1)C(c2ccc(OC)cc2)C(Cl)(Cl)Cl,-6.89
Methyl acetate,COC(=O)C,0.46
Methyl acrylate,COC(=O)C=C,-0.22
Methyl benzoate ,COC(=O)c1ccccc1,-1.85
Methyl butyl ether ,CCCCOC,-0.99
Methyl butyrate,CCCOC(=O)CC,-0.82
Methyl decanoate,CCCCCCCCCC(=O)OC,-4.69
Methyl formate,COC=O,0.58
methyl gallate,COC(=O)c1cc(O)c(O)c(O)c1 ,-1.24
Methyl hexanoate,CCCCCC(=O)OC,-1.87
Methyl hydrazine,CNN,1.34
methyl laurate,CCCCCCCCCCCC(=O)OC,-4.69
methyl nicotinate,COC(=O)c1cccnc1 ,-0.46
Methyl nonanoate,CCCCCCCCC(=O)OC,-3.38
Methyl octanoate,CCCCCCCC(=O)OC,-3.17
Methyl pentanoate,CCCC(=O)OCC,-1.36
Methyl propionate,CCC(=O)OC,-0.14
Methyl propyl ether ,CCCOC,-0.39
Methyl t-butyl ether ,COC(C)(C)C,-0.24
Methylcyclohexane ,CC1CCCCC1,-3.85
Methylcyclopentane,CC1CCCC1,-3.3
Methyldymron,CN(C(=O)NC(C)(C)c1ccccc1)c2ccccc2,-3.35
Methylparaben,COC(=O)c1ccc(O)cc1,-1.827
methyltestosterone acetate,CC(=O)OC3(C)CCC4C2CCC1=CC(=O)CCC1(C)C2CCC34C ,-5.284
methylthiouracil,Cc1cc(=O)[nH]c(=S)[nH]1,-2.436
Metolachlor,CCc1cccc(C)c1N(C(C)COC)C(=O)CCl ,-2.73
Metolazone,CC2Nc1cc(Cl)c(cc1C(=O)N2c3ccccc3C)S(N)(=O)=O ,-3.78
Metolcarb,c1ccccc1(OC(=O)NC),-1.803
Metoxuron,COc1ccc(NC(=O)N(C)C)cc1Cl,-2.564
Metranidazole,Cc1ncc(N(=O)=O)n1CCO ,-1.26
Metribuzin,CSc1nnc(c(=O)n1N)C(C)(C)C,-2.253
Metronidazole,Cc1ncc(N(=O)=O)n1CCO,-1.22
m-Fluorobromobenzene,Fc1cccc(Br)c1,-2.67
Minoxidil,Nc1cc(nc(N)n1=O)N2CCCCC2 ,-1.989
Mirex,ClC1(C2(Cl)C3(Cl)C4(Cl)C5(Cl)C1(Cl)C3(Cl)Cl)C5(Cl)C(Cl)(Cl)C24Cl,-6.8
m-Methylaniline,Cc1cccc(N)c1,-0.85
m-Nitroaniline,Nc1cccc(c1)N(=O)=O,-2.19
m-Nitrophenol,Oc1cccc(c1)N(=O)=O,-1.01
m-Nitrotoluene,Cc1cccc(c1)N(=O)=O,-2.44
Monolinuron,CON(C)C(=O)Nc1ccc(Cl)cc1,-2.57
Monotropitoside,COC(=O)c1ccccc1OC2OC(COC3OCC(O)C(O)C3O)C(O)C(O)C2O,-0.742
Monuron,CN(C)C(=O)Nc1ccc(Cl)cc1,-2.89
Morin,Oc1ccc(c(O)c1)c3oc2cc(O)cc(O)c2c(=O)c3O ,-3.083
m-Xylene ,Cc1cccc(C)c1,-2.82
"N,N-Diethylaniline",CCN(CC)c1ccccc1,-3.03
"N,N-Dimethylacetamide",CN(C)C(=O)C,1.11
"N,N-Dimethylaniline",CN(C)c1ccccc1,-1.92
Naled,COP(=O)(OC)OC(Br)C(Cl)(Cl)Br,-2.28
Napropamide,CCN(CC)C(=O)C(C)Oc1cccc2ccccc12 ,-3.57
Napthacene,c1ccc2cc3cc4ccccc4cc3cc2c1,-8.6
Napthalene,c1ccc2ccccc2c1,-3.6
Neburon,CCCCN(C)C(=O)Nc1ccc(Cl)c(Cl)c1,-4.77
Nerol,CC(C)=CCC/C(C)=C\CO,-2.46
N-Ethylaniline,CCNc1ccccc1,-1.7
nevirapine,Cc3ccnc4N(C1CC1)c2ncccc2C(=O)Nc34 ,-3.19
Niclosamide,Oc1ccc(Cl)cc1C(=O)Nc2ccc(cc2Cl)N(=O)=O,-4.7
nicotinamide,NC(=O)c1cccnc1 ,0.61
nifedipine,COC(=O)C1=C(C)NC(=C(C1c2ccccc2N(=O)=O)C(=O)OC)C ,-4.76
nifuroxime,ON=Cc1ccc(o1)N(=O)=O ,-2.19
Nimetazepam,CN2C(=O)CN=C(c1ccccc1)c3cc(ccc23)N(=O)=O,-3.796
Niridazole,O=C1NCCN1c2ncc(s2)N(=O)=O,-3.22
Nitramine,CCN(CC)c1c(cc(c(N)c1N(=O)=O)C(F)(F)F)N(=O)=O,-3.561
Nitrapyrin,Clc1cccc(n1)C(Cl)(Cl)Cl,-3.76
Nitrazepam,O=C3CN=C(c1ccccc1)c2cc(ccc2N3)N(=O)=O,-3.796
Nitrobenzene,O=N(=O)c1ccccc1,-1.8
Nitroethane,CCN(=O)=O,-0.22
Nitrofen,Clc2ccc(Oc1ccc(cc1)N(=O)=O)c(Cl)c2,-5.46
nitrofurantoin,O=C2CN(N=Cc1ccc(o1)N(=O)=O)C(=O)N2 ,-3.38
nitroglycerin,O=N(=O)OCC(CON(=O)=O)ON(=O)=O ,-2.22
Nitromethane,CN(=O)=O,0.26
N-Methylaniline ,CNc1ccccc1,-1.28
Nonane,CCCCCCCCC,-5.88
norbormide,OC(C1=CC2C5C(C1C2=C(c3ccccc3)c4ccccn4)C(=O)NC5=O)(c6ccccc6)c7ccccn7 ,-3.931
Norea,CN(C)C(=O)NC1CC2CC1C3CCCC23,-3.171
norethindrone acetate,CC(=O)OC3(CCC4C2CCC1=CC(=O)CCC1C2CCC34C)C#C,-4.8
Norethisterone,CC34CCC1C(CCC2=CC(=O)CCC12O)C3CCC4(O)C#C,-4.57
norflurazon,CNc2cnn(c1cccc(c1)C(F)(F)F)c(=O)c2Cl,-4.046
"O,P'-DDD",ClC(Cl)C(c1ccc(Cl)cc1)c2ccccc2Cl ,-6.51
o-Aminophenol,Nc1ccccc1O,-0.72
o-Chloroaniline,Nc1ccccc1Cl,-1.52
o-Chlorobromobenzene,Clc1ccccc1Br,-3.19
o-Chloroiodobenzene,Clc1ccccc1I,-3.54
o-Chloronitrobenzene,Clc1ccccc1N(=O)=O,-2.55
Octane,CCCCCCCC,-5.24
O-Ethyl carbamate,CCOC(=O)N,0.85
o-Fluorobromobenzene,Fc1ccccc1Br,-2.7
o-Hydroxybenzamide,NC(=O)c1ccccc1O,-1.82
o-Methoxyphenol,COc1ccccc1O,-1.96
o-Nitroaniline,Nc1ccccc1N(=O)=O,-1.96
o-Nitroanisole,COc1ccccc1N(=O)=O,-1.96
o-Nitrophenol,Oc1ccccc1N(=O)=O,-1.74
o-Nitrotoluene,Cc1ccccc1N(=O)=O,-2.33
oryzalin,CCCN(CCC)c1c(cc(cc1N(=O)=O)S(N)(=O)=O)N(=O)=O,-5.16
osthole,c1cc2ccc(OC)c(CC=C(C)(C))c2oc1=O ,-4.314
o-Toluidine,Cc1ccccc1N,-2.21
Oxadiazon,CC(C)Oc1cc(c(Cl)cc1Cl)n2nc(oc2=O)C(C)(C)C,-5.696
Oxamyl,CNC(=O)ON=C(SC)C(=O)N(C)C,0.106
Oxazepam,OC3N=C(c1ccccc1)c2cc(Cl)ccc2NC3=O ,-3.952
Oxycarboxin,CC1=C(C(=O)Nc2ccccc2)S(=O)(=O)CCO1,-2.281
o-Xylene ,Cc1ccccc1C,-2.8
oxyphenbutazone,CCCCC1C(=O)N(N(C1=O)c2ccc(O)cc2)c3ccccc3 ,-3.73
"p,p'-Biphenyldiamine ",Nc1ccc(cc1)c2ccc(N)cc2,-2.7
"P,P'-DDD",ClC(Cl)C(c1ccc(Cl)cc1)c2ccc(Cl)cc2 ,-7.2
"P,P'-DDE",ClC(Cl)=C(c1ccc(Cl)cc1)c2ccc(Cl)cc2,-6.9
p-Aminophenol,Nc1ccc(O)cc1,-0.8
parabanic acid,O=C1NC(=O)C(=O)N1 ,-0.4
Parathion,CCOP(=S)(OCC)Oc1ccc(cc1)N(=O)=O,-4.66
p-benzidine,Nc1ccc(cc1)c2ccc(N)cc2,-2.7
p-Bromoacetanilide,CC(=O)Nc1ccc(Br)cc1,-3.083
p-Bromoiodobenzene,Brc1ccc(I)cc1,-4.56
p-Chloroacetanilide,CC(=O)Nc1ccc(Cl)cc1,-2.843
p-Chloroaniline,Nc1ccc(Cl)cc1,-1.66
p-Chlorobromobenzene,Clc1ccc(Br)cc1,-3.63
p-Chloroiodobenzene,Clc1ccc(I)cc1,-4.03
p-Chloronitrobenzene,Clc1ccc(cc1)N(=O)=O,-2.92
p-Cresol,Cc1ccc(O)cc1,-0.73
Pebulate,CCCCN(CC)C(=O)SCCC,-3.53
Pencycuron,Clc1ccc(CN(C2CCCC2)C(=O)Nc3ccccc3)cc1,-5.915
Pentachlorobenzene,Clc1cc(Cl)c(Cl)c(Cl)c1Cl,-5.65
Pentachloroethane,ClC(Cl)C(Cl)(Cl)Cl,-2.6
Pentachlorophenol,Oc1c(Cl)c(Cl)c(Cl)c(Cl)c1Cl,-4.28
Pentamethylbenzene,Cc1cc(C)c(C)c(C)c1C,-4.0
Pentane,CCCCC,-3.18
Pentobarbital,O=C1NC(=O)NC(=O)C1(CC)C(C)CCC,-2.39
Pentyl acetate,CCCCCOC(=O)C,-1.89
Pentyl propanoate,CCCCC(=O)OCC,-2.25
Pentylbenzene,CCCCCc1ccccc1,-4.64
Pentylcyclopentane,CCCCCC1CCCC1,-6.08
Perfluidone,Cc1cc(ccc1NS(=O)(=O)C(F)(F)F)S(=O)(=O)c2ccccc2,-3.8
Permethrin,CC1(C)C(C=C(Cl)Cl)C1C(=O)OCc2cccc(Oc3ccccc3)c2,-6.291
Perylene,c1cc2cccc3c4cccc5cccc(c(c1)c23)c54,-8.804
p-Fluoroacetanilide,CC(=O)Nc1ccc(F)cc1,-1.78
Phenacetin,CCOc1ccc(NC(=O)C)cc1,-2.35
Phenanthrene,c1ccc2c(c1)ccc3ccccc32,-5.26
phenanthridine,c1ccc2c(c1)cnc3ccccc23 ,-2.78
Phenetole,CCOc1ccccc1,-2.33
Phenmedipham,COC(=O)Nc1cccc(OC(=O)Nc2cccc(C)c2)c1,-4.805
phenobarbital,CCC1(C(=O)NC(=O)NC1=O)c2ccccc2 ,-2.322
Phenol,c1ccccc1O,0.0
phenolphthalein,Oc1ccc(cc1)C2(OC(=O)c3ccccc23)c4ccc(O)cc4 ,-2.9
phenothrin,CC(C)=CC3C(C(=O)OCc2cccc(Oc1ccccc1)c2)C3(C)C ,-5.24
phenylbutazone,CCCCC1C(=O)N(N(C1=O)c2ccccc2)c3ccccc3 ,-3.81
Phenylhydrazine,NNc1ccccc1,0.07
Phenylmethanol,OCc1ccccc1,-0.4
Phenylthiourea,NC(=S)Nc1ccccc1,-1.77
Phenytoin,O=C1NC(=O)C(N1)(c2ccccc2)c3ccccc3,-4.097
Phorate,CCOP(=S)(OCC)SCSCC,-4.11
Phosalone,CCOP(=S)(OCC)SCn1c(=O)oc2cc(Cl)ccc12,-5.233
Phoxim,CCOP(=S)(OCC)ON=C(C#N)c1ccccc1,-4.862
phthalamide,c1cC2C(=O)NC(=O)C2cc1,-2.932
phthalimide,O=C1NC(=O)c2ccccc12 ,-2.61
Phthalonitrile,N#Cc1ccccc1C#N,-2.38
p-Hydroxyacetanilide,CC(=O)Nc1ccc(O)cc1,-1.03
p-Hydroxybenzaldehyde ,Oc1ccc(C=O)cc1,-0.96
Picene,c1ccc2c(c1)ccc3c2ccc4c5ccccc5ccc43,-7.87
Piperine,O=C(C=CC=Cc2ccc1OCOc1c2)N3CCCCC3,-3.46
piperonal,O=Cc2ccc1OCOc1c2 ,-1.63
Piperophos,CCCOP(=S)(OCCC)SCC(=O)N1CCCCC1C,-4.15
Pirimicarb,CN(C)C(=O)Oc1nc(nc(C)c1C)N(C)C,-1.95
piroxicam,CN2C(=C(O)c1ccccc1S2(=O)=O)C(=O)Nc3ccccn3 ,-4.16
p-Methoxybenzaldehyde,COc1ccc(C=O)cc1,-1.49
p-Methylaniline ,Cc1ccc(N)cc1,-1.21
p-Nitroaniline,Nc1ccc(cc1)N(=O)=O,-2.37
p-Nitroanisole,COc1ccc(cc1)N(=O)=O,-2.41
p-Nitrophenol,Oc1ccc(cc1)N(=O)=O,-0.74
p-Nitrotoluene,Cc1ccc(cc1)N(=O)=O,-2.49
p-Phenylphenol,Oc1ccc(cc1)c2ccccc2,-3.48
Prasterone,CC34CCC1C(CC=C2CC(O)CCC12C)C3CCC4=O,-4.12
Prednisolone,CC12CC(O)C3C(CCC4=CC(=O)C=CC34C)C2CCC1(O)C(=O)CO,-3.18
prednisolone acetate,CC(=O)OCC(=O)C3(O)CCC4C2CCC1=CC(=O)C=CC1(C)C2C(O)CC34C ,-4.37
pregnenolone,CC(=O)C3CCC4C2CC=C1CC(O)CCC1(C)C2CCC34C ,-4.65
Primidone,CCC1(C(=O)NCNC1=O)c2ccccc2,-2.64
probarbital,CCC1(C(C)C)C(=O)NC(=O)NC1=O ,-2.21
Procymidone,CC12CC2(C)C(=O)N(C1=O)c3cc(Cl)cc(Cl)c3,-4.8
Progesterone,CC(=O)C1CCC2C3CCC4=CC(=O)CCC4(C)C3CCC12C,-4.42
Prometon,COc1nc(NC(C)C)nc(NC(C)C)n1,-2.478
Prometryn,CSc1nc(NC(C)C)nc(NC(C)C)n1,-4.1
propachlor,CC(C)N(C(=O)CCl)c1ccccc1 ,-2.48
Propane,CCC,-1.94
Propanil,CCC(=O)Nc1ccc(Cl)c(Cl)c1,-3.0
Propazine,CC(C)Nc1nc(Cl)nc(NC(C)C)n1,-4.43
Propetamphos,CCNP(=S)(OC)OC(=CC(=O)OC(C)C)C,-3.408
Propiconazole,CCCC1COC(Cn2cncn2)(O1)c3ccc(Cl)cc3Cl,-3.493
Propionaldehyde,CCC=O,0.58
Propionitrile,CCC#N,0.28
Propoxur,CNC(=O)Oc1ccccc1OC(C)C,-2.05
Propyl acetate,CCCOC(=O)C,-0.72
Propyl butyrate,CCCC(=O)OC,-1.92
Propyl formate,CCCOC=O,-0.49
Propyl propanoate,CCCCC(=O)OC,-1.34
Propylbenzene ,CCCc1ccccc1,-3.37
Propylcyclopentane,CCCC1CCCC1,-4.74
Propylene,CC=C,-1.08
Propylisopropylether,CCCOC(C)C,-1.34
Propyne,CC#C,-0.41
p-t-Butylphenol,CC(C)(C)c1ccc(O)cc1,-2.41
Pteridine,c2cnc1ncncc1n2,0.02
p-terphenyl,c1ccc(cc1)c2ccc(cc2)c3ccccc3,-7.11
p-Toluenesulfonamide ,Cc1ccc(cc1)S(=O)(=O)N,-1.74
p-Xylene ,Cc1ccc(C)cc1,-2.77
pyracarbolid,CC1=C(CCCO1)C(=O)Nc2ccccc2 ,-2.56
Pyrazinamide,NC(=O)c1cnccn1,-0.667
Pyrazon,Nc2cnn(c1ccccc1)c(=O)c2Cl,-2.878
Pyrene,c1cc2ccc3cccc4ccc(c1)c2c34,-6.176
Pyridazine,c1ccnnc1,1.1
Pyridine,c1ccncc1,0.76
Pyrimidine,c1cncnc1,1.1
Pyrolan,CN(C)C(=O)Oc1cc(C)nn1c2ccccc2,-2.09
Quinethazone,CCC2NC(=O)c1cc(c(Cl)cc1N2)S(N)(=O)=O,-3.29
Quinoline,c1ccc2ncccc2c1,-1.3
Quinonamid,ClC(Cl)CC(=O)NC2=C(Cl)C(=O)c1ccccc1C2=O,-5.03
Quintozene,Clc1c(Cl)c(Cl)c(N(=O)=O)c(Cl)c1Cl,-5.82
Raffinose,OCC1OC(CO)(OC2OC(COC3OC(CO)C(O)C(O)C3O)C(O)C(O)C2O)C(O)C1O,-0.41
Reposal,CCC1(C(=O)NC(=O)NC1=O)C2=CCC3CCC2C3,-2.696
Reverse Transcriptase inhibitor 1,CCN2c1ncccc1N(C)C(=O)c3cccnc23 ,-2.62
rhodanine,C1SC(=S)NC1(=O),-1.77
Riboflavin,Cc3cc2nc1c(=O)[nH]c(=O)nc1n(CC(O)C(O)C(O)CO)c2cc3C,-3.685
Risocaine,CCCOC(=O)c1ccc(N)cc1,-2.452
Ronnel,COP(=S)(OC)Oc1cc(Cl)c(Cl)cc1Cl,-5.72
Rotenone,COc5cc4OCC3Oc2c1CC(Oc1ccc2C(=O)C3c4cc5OC)C(C)=C ,-4.42
Rovral,CC(C)NC(=O)N1CC(=O)N(C1=O)c2cc(Cl)cc(Cl)c2,-4.376
RTI 10,O2c1ccccc1N(C)C(=O)c3cccnc23 ,-3.672
RTI 11,O2c1ccc(N)cc1N(C)C(=O)c3cc(C)ccc23 ,-3.928
RTI 12,CCN2c1nc(Cl)ccc1N(C)C(=O)c3cccnc23 ,-4.114
RTI 13,CCN2c1nc(C)cc(C(F)(F)F)c1NC(=O)c3cccnc23 ,-4.207
RTI 15,CCN2c1nc(C)cc(C)c1NC(=O)c3cccnc23 ,-4.554
RTI 16,CCN2c1ncccc1N(C)C(=S)c3cccnc23 ,-4.634
RTI 17,CCN2c1ccccc1N(C)C(=S)c3cccnc23 ,-4.706
RTI 19,CCN2c1ccccc1N(C)C(=O)c3ccccc23 ,-4.749
RTI 2,CCN2c1ncccc1N(CC)C(=O)c3cccnc23 ,-2.86
RTI 20,C2c1ccccc1N(CCF)C(=O)c3ccccc23 ,-4.799
RTI 22,CCN2c1cc(N(C)C)cc(C)c1NC(=O)c3cccnc23 ,-4.871
RTI 23,CCN2c1cc(OC)cc(C)c1NC(=O)c3cccnc23 ,-5.153
RTI 24,CCN2c1cc(Cl)ccc1NC(=O)c3cccnc23 ,-5.36
RTI 3,O2c1cc(C)ccc1N(C)C(=O)c3cc(N)cnc23 ,-3.043
RTI 5,CCN2c1ccccc1N(C)C(=O)c3cccnc23 ,-3.324
RTI 6,CCN2c1nc(N(C)(CCO))ccc1NC(=O)c3cccnc23 ,-3.36
RTI 7,C2c1ccccc1N(CCF)C(=O)c3ccccc23 ,-3.535
RTI 9,O2c1ccccc1N(CC)C(=O)c3ccccc23 ,-3.68
Salicin,OCC2OC(Oc1ccccc1CO)C(O)C(O)C2O,-0.85
Salicylamide,NC(=O)c1ccccc1O,-1.836
salicylanilide,c1ccccc1NC(=O)c2c(O)cccc2,-3.59
Santonin,CC3C2CCC1(C)C=CC(=O)C(=C1C2OC3=O)C,-3.09
Secobarbital,O=C1NC(=O)NC(=O)C1(C(C)CCC)CC=C,-2.356
Siduron,CC1CCCCC1NC(=O)Nc2ccccc2,-4.11
simazine,CCNc1nc(Cl)nc(NCC)n1 ,-4.55
Simetryn,CSc1nc(nc(n1)N(C)C)N(C)C,-2.676
Sorbitol,OCC(O)C(O)C(O)C(O)CO,1.09
"Sparsomycin (3,8mg/ml)",CSCS(=O)CC(CO)NC(=O)C=Cc1c(C)[nH]c(=O)[nH]c1=O,-1.981
Spironolactone,CC(=O)SC4CC1=CC(=O)CCC1(C)C5CCC2(C)C(CCC23CCC(=O)O3)C45,-4.173
stadacaine,CCCCOc1ccc(C(=O)OCC)c(c1)N(CC)CC ,-3.84
Stanolone,CC34CCC1C(CCC2CC(=O)CCC12C)C3CCC4O ,-4.743
Stirofos,COP(=O)(OC)OC(=CCl)c1cc(Cl)c(Cl)cc1Cl,-4.522
Styrene,C=Cc1ccccc1,-2.82
styrene oxide,C1OC1c2ccccc2 ,-1.6
Succinimide,O=C1CCC(=O)N1,0.3
Sucrose,OCC2OC(OC1(CO)OC(CO)C(O)C1O)C(O)C(O)C2O ,0.79
sulfaguanidine,NC(=N)NS(=O)(=O)c1ccc(N)cc1 ,-1.99
Sulfallate,CCN(CC)C(=S)SCC(Cl)=C,-3.39
Sulfanilamide,Nc1ccc(cc1)S(N)(=O)=O,-1.34
Talbutal,CCC(C)C1(CC=C)C(=O)NC(=O)NC1=O,-2.016
t-Butylbenzene ,CC(C)(C)c1ccccc1,-3.66
t-Crotonaldehyde,C/C=C/C=O,0.32
TEFLUBENZURON,Fc1cccc(F)c1C(=O)NC(=O)Nc2cc(Cl)c(F)c(Cl)c2F ,-7.28
Terbacil,Cc1[nH]c(=O)n(c(=O)c1Cl)C(C)(C)C,-2.484
Terbufos,CCOP(=S)(OCC)SCSC(C)(C)C,-4.755
Terbumeton,CCNc1nc(NC(C)(C)C)nc(OC)n1,-3.239
Terbutryn,CCNc1nc(NC(C)(C)C)nc(SC)n1,-4.0
Testosterone,CC12CCC3C(CCC4=CC(=O)CCC34C)C2CCC1O,-4.02
testosterone acetate,CC(=O)OC3CCC4C2CCC1=CC(=O)CCC1(C)C2CCC34C ,-5.184
testosterone propionate,CCC(=O)OC3CCC4C2CCC1=CC(=O)CCC1(C)C2CCC34C ,-5.37
Tetrabromomethane,BrC(Br)(Br)Br,-3.14
Tetrachloroethylene,ClC(=C(Cl)Cl)Cl,-2.54
tetrachloroguaiacol,COc1c(O)c(Cl)c(Cl)c(Cl)c1Cl ,-4.02
Tetrachloromethane,ClC(Cl)(Cl)Cl,-2.31
Tetradecane,CCCCCCCCCCCCCC,-7.96
Tetrafluthrin,Cc1c(F)c(F)c(COC(=O)C2C(C=C(Cl)C(F)(F)F)C2(C)C)c(F)c1F,-7.321
Tetrahydrofurane ,C1CCOC1,0.49
Tetrahydropyran ,C1CCOCC1,-0.03
tetramethylurea,CN(C)C(=O)N(C)C ,0.94
Thalidomide,O=C1N(C2CCC(=O)NC2=O)C(=O)c3ccccc13,-2.676
theobromine,Cn1cnc2n(C)c(=O)[nH]c(=O)c12 ,-2.523
Theophylline,Cn1c(=O)n(C)c2nc[nH]c2c1=O,-1.39
Thiamphenicol,CS(=O)(=O)c1ccc(cc1)C(O)C(CO)NC(=O)C(Cl)Cl ,-2.154
thiamylal,CCCC(C)C1(CC=C)C(=O)NC(=S)NC1=O ,-3.46
thioanisole,c1ccccc1SC,-2.39
thiofanox,CNC(=O)ON=C(CSC)C(C)(C)C ,-1.62
Thiometon,CCSCCSP(=S)(OC)OC,-3.091
thiopental,CCCC(C)C1(CC)C(=O)NC(=S)NC1=O ,-3.36
Thiophene,c1ccsc1,-1.33
Thiophenol ,Sc1ccccc1,-2.12
thiouracil,Sc1nccc(=O)[nH]1 ,-2.273
Thiourea,NC(=S)N,0.32
Thiram,CN(C)C(=S)SSC(=S)N(C)C ,-3.9
thymine,Cc1c[nH]c(=O)[nH]c1=O ,-1.506
Thymol,CC(C)c1ccc(C)cc1O,-2.22
Toluene ,Cc1ccccc1,-2.21
t-Pentylbenzene,CC(C)(C)Cc1ccccc1,-4.15
"trans-1,4-Dimethylcyclohexane",C/C1CCC(\C)CC1,-4.47
trans-2-Heptene ,CCCC/C=C/C,-3.82
trans-2-Pentene ,CC/C=C/C,-2.54
Triadimefon,CC(C)(C)C(=O)C(Oc1ccc(Cl)cc1)n2cncn2,-3.61
Triallate,CC(C)N(C(C)C)C(=O)SCC(Cl)=C(Cl)Cl,-4.88
Triamcinolone,CC34CC(O)C1(F)C(CCC2=CC(=O)C=CC12C)C3CC(O)C4(O)C(=O)CO,-3.68
triamcinolone acetonide,CC5(C)OC4CC3C2CCC1=CC(=O)C=CC1(C)C2(F)C(O)CC3(C)C4(O5)C(=O)CO ,-4.31
triamcinolone diacetate,CC(=O)OCC(=O)C3(O)C(CC4C2CCC1=CC(=O)C=CC1(C)C2(F)C(O)CC34C)OC(C)=O ,-4.13
Triamterene,Nc3nc(N)c2nc(c1ccccc1)c(N)nc2n3,-2.404
Triazolam,Cc3nnc4CN=C(c1ccccc1Cl)c2cc(Cl)ccc2n34,-4.09
Tribromomethane,BrC(Br)Br,-1.91
Trichlomethiazide,NS(=O)(=O)c2cc1c(NC(NS1(=O)=O)C(Cl)Cl)cc2Cl ,-2.68
Trichlorfon,COP(=O)(OC)C(O)C(Cl)(Cl)Cl,-0.22
trichlormethiazide,NS(=O)(=O)c2cc1c(NC(NS1(=O)=O)C(Cl)Cl)cc2Cl ,-2.68
Trichloroacetonitrile,ClC(Cl)(Cl)C#N,-2.168
Trichloroethylene,ClC=C(Cl)Cl,-1.96
Trichloromethane,ClC(Cl)Cl,-1.17
Trichloronate,CCOP(=S)(CC)Oc1cc(Cl)c(Cl)cc1Cl,-5.752
Triclosan,Oc1cc(Cl)ccc1Oc2ccc(Cl)cc2Cl,-4.46
Tricresyl phosphate,Cc1ccc(OP(=O)(Oc2cccc(C)c2)Oc3ccccc3C)cc1,-6.01
Tricyclazole,Cc2cccc3sc1nncn1c23 ,-2.07
Trietazine,CCNc1nc(Cl)nc(n1)N(CC)CC,-4.06
Triethyl phosphate,CCOP(=O)(OCC)OCC,0.43
Trifluralin,CCCN(CCC)c1c(cc(cc1N(=O)=O)C(F)(F)F)N(=O)=O,-5.68
triforine,ClC(Cl)(Cl)C(NC=O)N1C=CN(C=C1)C(NC=O)C(Cl)(Cl)Cl ,-4.19
Trimazosin,COc2cc1c(N)nc(nc1c(OC)c2OC)N3CCN(CC3)C(=O)OCC(C)(C)O ,-3.638
Triphenylene,c1ccc2c(c1)c3ccccc3c4ccccc24,-6.726
tubercidin,Nc1ncnc2n(ccc12)C3OC(CO)C(O)C3O ,-1.95
uracil,O=c1cc[nH]c(=O)[nH]1 ,-1.488
Urea,NC(=O)N,0.96
uric acid,O=c2[nH]c(=O)c1[nH]c(=O)[nH]c1[nH]2 ,-3.93
Valeraldehyde,CCCCC=O,-0.85
vamidothion,CNC(=O)C(C)SCCSP(=O)(OC)(OC),1.144
Vinclozolin,CC1(OC(=O)N(C1=O)c2cc(Cl)cc(Cl)c2)C=C,-4.925
Warfarin,CC(=O)CC(c1ccccc1)c3c(O)c2ccccc2oc3=O ,-3.893
Xipamide,Cc1cccc(C)c1NC(=O)c2cc(c(Cl)cc2O)S(N)(=O)=O,-3.79
XMC,CNC(=O)Oc1cc(C)cc(C)c1,-2.581
